{"1_1_1": {"elbow_joint": 1.9312933127032679, "shoulder_lift_joint": -0.743829683666565, "shoulder_pan_joint": -2.089163128529684, "wrist_1_joint": -4.323421617547506, "wrist_2_joint": -1.1376631895648401, "wrist_3_joint": -0.2789509932147425, "measured diameter": "0.89", "W1 Diameter": 0.9693984389305115, "W2 Diameter": 0.9693984389305115, "Mean Diameter": 0.9844408631324768, "Median Diameter": 0.9944691061973572, "Contact": "N/a", "Distance from Tree": "N/a", "Time (s)": 42.54, "Angle Correction": 0.0, "Angle Correction Direction": "CW", "Notes": "Made contact below "}, "1_1_2": {"elbow_joint": 1.9350393454181116, "shoulder_lift_joint": -0.7505160135081788, "shoulder_pan_joint": -2.093520466481344, "wrist_1_joint": -4.317829748193258, "wrist_2_joint": -1.136080567036764, "wrist_3_joint": -0.26696712175478154, "measured diameter": "0.89", "W1 Diameter": 1.0173754692077637, "W2 Diameter": 0.9735230803489685, "Mean Diameter": 0.997885525226593, "Median Diameter": 0.9910640120506287, "Contact": "N/a", "Distance from Tree": "N/a", "Time (s)": 40.24, "Angle Correction": 0.0, "Angle Correction Direction": "CW", "Notes": "Same as before"}, "1_1_3": {"elbow_joint": 1.9882085959063929, "shoulder_lift_joint": -0.7974589628032227, "shoulder_pan_joint": -2.1060174147235315, "wrist_1_joint": -4.322775026360983, "wrist_2_joint": -1.1223519484149378, "wrist_3_joint": -0.009331528340474904, "measured diameter": "0.89", "W1 Diameter": 0.9725381731987, "W2 Diameter": 0.9644337296485901, "Mean Diameter": 1.0203546285629272, "Median Diameter": 1.0171128511428833, "Contact": "N/a", "Distance from Tree": "N/a", "Time (s)": 47.44, "Angle Correction": 0.0, "Angle Correction Direction": "CW", "Notes": "Made contact this time"}, "1_2_1": {"elbow_joint": 1.6351822058307093, "shoulder_lift_joint": -0.5747590822032471, "shoulder_pan_joint": -1.2394145170794886, "wrist_1_joint": -4.193900009194845, "wrist_2_joint": -1.989526096974508, "wrist_3_joint": 0.2810652256011963, "measured diameter": "0.97", "W1 Diameter": 1.0879589319229126, "W2 Diameter": 0.9610303640365601, "Mean Diameter": 1.0347434282302856, "Median Diameter": 1.0698262453079224, "Contact": "N/a", "Distance from Tree": "N/a", "Time (s)": 44.17, "Angle Correction": 0.0, "Angle Correction Direction": "CW", "Notes": ""}, "1_2_2": {"elbow_joint": 1.6468399206744593, "shoulder_lift_joint": -0.587235764866211, "shoulder_pan_joint": -1.2385390440570276, "wrist_1_joint": -4.191515108148092, "wrist_2_joint": -1.9901989142047327, "wrist_3_joint": 0.04630398750305176, "measured diameter": "0.97", "W1 Diameter": 0.9667315483093262, "W2 Diameter": 0.9130242466926575, "Mean Diameter": 1.0768704414367676, "Median Diameter": 0.9935852289199829, "Contact": "N/a", "Distance from Tree": "N/a", "Time (s)": 40.57, "Angle Correction": 0.0, "Angle Correction Direction": "CW", "Notes": "Missed branch"}, "1_2_3": {"elbow_joint": 1.6374157110797327, "shoulder_lift_joint": -0.5770798486522217, "shoulder_pan_joint": -1.2402785460101526, "wrist_1_joint": -4.193648477593893, "wrist_2_joint": -1.9888890425311487, "wrist_3_joint": 0.0916604995727539, "measured diameter": "0.97", "W1 Diameter": 1.0574790239334106, "W2 Diameter": 1.0032492876052856, "Mean Diameter": 1.1321637630462646, "Median Diameter": 1.0665172338485718, "Contact": "N/a", "Distance from Tree": "N/a", "Time (s)": 44.57, "Angle Correction": 0.0, "Angle Correction Direction": "CW", "Notes": ""}}