{"1_1_1": {"elbow_joint": 2.342339579259054, "shoulder_lift_joint": -1.2733038824847718, "shoulder_pan_joint": -0.8071482817279261, "wrist_1_joint": -4.077188392678732, "wrist_2_joint": -1.4897578398333948, "wrist_3_joint": -0.042902771626607716, "measured diameter": "0.55", "W1 Diameter": 0.5913944840431213, "W2 Diameter": 0.5913944840431213, "Mean Diameter": 0.6651923656463623, "Median Diameter": 0.6520503163337708, "Contact": "c", "Distance from Tree": "7", "Time (s)": 53.4, "Angle Correction": 0.0, "Angle Correction Direction": "CW", "Notes": "N/a"}, "1_1_2": {"elbow_joint": 2.337907139454977, "shoulder_lift_joint": -1.2706967753222962, "shoulder_pan_joint": -0.8067238966571253, "wrist_1_joint": -4.0775233707823695, "wrist_2_joint": -1.489985767995016, "wrist_3_joint": -0.09357959428896123, "measured diameter": "0.55", "W1 Diameter": 0.5662190318107605, "W2 Diameter": 0.5662190318107605, "Mean Diameter": 0.6594730019569397, "Median Diameter": 0.6389093399047852, "Contact": "C", "Distance from Tree": "7", "Time (s)": 36.2, "Angle Correction": 0.0, "Angle Correction Direction": "CW", "Notes": "N/a"}, "1_1_3": {"elbow_joint": 2.339684549962179, "shoulder_lift_joint": -1.2682893139174958, "shoulder_pan_joint": -0.8069122473346155, "wrist_1_joint": -4.0798474750914515, "wrist_2_joint": -1.4902847448932093, "wrist_3_joint": -0.06444436708559209, "measured diameter": "0.55", "W1 Diameter": 0.5952596068382263, "W2 Diameter": 0.5952596068382263, "Mean Diameter": 0.6699395775794983, "Median Diameter": 0.6524960994720459, "Contact": "C", "Distance from Tree": "7", "Time (s)": 39.3, "Angle Correction": 0.0, "Angle Correction Direction": "CW", "Notes": "N/a"}}