{"1_1_1": {"elbow_joint": 0.6671488920794886, "shoulder_lift_joint": -0.130351261501648, "shoulder_pan_joint": -1.154837433491842, "wrist_1_joint": -3.97971572498464, "wrist_2_joint": -1.2065499464618128, "wrist_3_joint": 1.6824390888214111, "measured diameter": "0.85", "W1 Diameter": 1.0102918148040771, "W2 Diameter": 0.8829441070556641, "Mean Diameter": 0.9064544439315796, "Median Diameter": 0.9720875024795532, "Contact": "N/a", "Distance from Tree": "N/a", "Time (s)": 48.4, "Angle Correction": 0.0, "Angle Correction Direction": "CW", "Notes": "N/a"}, "1_1_2": {"elbow_joint": 0.5556395689593714, "shoulder_lift_joint": -0.3259870570949097, "shoulder_pan_joint": -1.4245713392840784, "wrist_1_joint": -3.649393220941061, "wrist_2_joint": -0.3636687437640589, "wrist_3_joint": 1.344571590423584, "measured diameter": "0.83", "W1 Diameter": 0.8831769227981567, "W2 Diameter": 0.8831769227981567, "Mean Diameter": 1.1579431295394897, "Median Diameter": 1.2406532764434814, "Contact": "N/a", "Distance from Tree": "N/a", "Time (s)": 47.46, "Angle Correction": 0.0, "Angle Correction Direction": "CW", "Notes": "N/a"}, "1_1_3": {"elbow_joint": 1.7955339590655726, "shoulder_lift_joint": -1.5215463501266022, "shoulder_pan_joint": -1.4104765097247522, "wrist_1_joint": -3.6895905933775843, "wrist_2_joint": -1.0630090872394007, "wrist_3_joint": 1.6812734603881836, "measured diameter": "0.79", "W1 Diameter": 0.7864344120025635, "W2 Diameter": 0.7708614468574524, "Mean Diameter": 0.8136870861053467, "Median Diameter": 0.8214735388755798, "Contact": "N/a", "Distance from Tree": "N/a", "Time (s)": 44.17, "Angle Correction": 0.0, "Angle Correction Direction": "CW", "Notes": "N/a"}, "1_2_1": {"elbow_joint": 0.8327372709857386, "shoulder_lift_joint": -0.29113085687670903, "shoulder_pan_joint": -1.0820348898517054, "wrist_1_joint": -3.2583357296385707, "wrist_2_joint": -1.759057346974508, "wrist_3_joint": 1.7792149782180786, "measured diameter": "0.225", "W1 Diameter": 0.2705608010292053, "W2 Diameter": 0.2705608010292053, "Mean Diameter": 0.33242684602737427, "Median Diameter": 0.3266526758670807, "Contact": "N/a", "Distance from Tree": "N/a", "Time (s)": 187.59, "Angle Correction": 0.0, "Angle Correction Direction": "CW", "Notes": ""}, "1_2_2": {"elbow_joint": 0.6153171698199671, "shoulder_lift_joint": -0.1811027091792603, "shoulder_pan_joint": -1.2674458662616175, "wrist_1_joint": -2.9989496670165003, "wrist_2_joint": -1.5941503683673304, "wrist_3_joint": 1.7791987657546997, "measured diameter": "0.135", "W1 Diameter": 0.2705608010292053, "W2 Diameter": 0.2705608010292053, "Mean Diameter": 0.33242684602737427, "Median Diameter": 0.3266526758670807, "Contact": "N/a", "Distance from Tree": "N/a", "Time (s)": 187.59, "Angle Correction": 0.0, "Angle Correction Direction": "CW", "Notes": "N/a"}, "1_2_3": {"elbow_joint": 0.5164297262774866, "shoulder_lift_joint": -0.24284859121356206, "shoulder_pan_joint": -0.9750936667071741, "wrist_1_joint": -3.174840112725729, "wrist_2_joint": -1.6593831221209925, "wrist_3_joint": 1.7790709733963013, "measured diameter": "0.609", "W1 Diameter": 0.2705608010292053, "W2 Diameter": 0.2705608010292053, "Mean Diameter": 0.33242684602737427, "Median Diameter": 0.3266526758670807, "Contact": "N/a", "Distance from Tree": "N/a", "Time (s)": 187.59, "Angle Correction": 0.0, "Angle Correction Direction": "CW", "Notes": "N/a"}, "1_2_4": {"elbow_joint": 0.20014936128725225, "shoulder_lift_joint": -0.028144912128784227, "shoulder_pan_joint": -0.9060223738299769, "wrist_1_joint": -3.1748677692809046, "wrist_2_joint": -1.6593268553363245, "wrist_3_joint": 1.778985619544983, "measured diameter": "0.13", "W1 Diameter": 0.2705608010292053, "W2 Diameter": 0.2705608010292053, "Mean Diameter": 0.33242684602737427, "Median Diameter": 0.3266526758670807, "Contact": "N/a", "Distance from Tree": "N/a", "Time (s)": 187.59, "Angle Correction": 0.0, "Angle Correction Direction": "CW", "Notes": "N/a"}, "1_2_5": {"elbow_joint": 0.791274372731344, "shoulder_lift_joint": -0.6032414001277466, "shoulder_pan_joint": -0.7327879110919397, "wrist_1_joint": -3.113885065118307, "wrist_2_joint": -2.6512115637408655, "wrist_3_joint": 1.659093976020813, "measured diameter": "0.398", "W1 Diameter": 0.2705608010292053, "W2 Diameter": 0.2705608010292053, "Mean Diameter": 0.33242684602737427, "Median Diameter": 0.3266526758670807, "Contact": "N/a", "Distance from Tree": "N/a", "Time (s)": 187.59, "Angle Correction": 0.0, "Angle Correction Direction": "CW", "Notes": "N/a"}, "1_2_6": {"elbow_joint": 1.5170953909503382, "shoulder_lift_joint": -0.8656830352595826, "shoulder_pan_joint": -0.7079909483539026, "wrist_1_joint": -3.113721033135885, "wrist_2_joint": -2.651780668889181, "wrist_3_joint": 1.6591342687606812, "measured diameter": "0.16", "W1 Diameter": 0.2705608010292053, "W2 Diameter": 0.2705608010292053, "Mean Diameter": 0.33242684602737427, "Median Diameter": 0.3266526758670807, "Contact": "N/a", "Distance from Tree": "N/a", "Time (s)": 187.59, "Angle Correction": 0.0, "Angle Correction Direction": "CW", "Notes": "N/a"}, "1_2_7": {"elbow_joint": 0.9775989691363733, "shoulder_lift_joint": -0.4452875417521973, "shoulder_pan_joint": -0.9403513113604944, "wrist_1_joint": -4.388873477975363, "wrist_2_joint": -1.874094311391012, "wrist_3_joint": 1.6590534448623657, "measured diameter": "0.355", "W1 Diameter": 0.2705608010292053, "W2 Diameter": 0.2705608010292053, "Mean Diameter": 0.33242684602737427, "Median Diameter": 0.3266526758670807, "Contact": "N/a", "Distance from Tree": "N/a", "Time (s)": 187.59, "Angle Correction": 0.0, "Angle Correction Direction": "CW", "Notes": "N/a"}, "1_2_8": {"elbow_joint": 1.0352843443499964, "shoulder_lift_joint": -0.4451652330211182, "shoulder_pan_joint": -0.8485038916217249, "wrist_1_joint": -4.46477546314382, "wrist_2_joint": -1.9599044958697718, "wrist_3_joint": 1.6590616703033447, "measured diameter": "0.205", "W1 Diameter": 0.2705608010292053, "W2 Diameter": 0.2705608010292053, "Mean Diameter": 0.33242684602737427, "Median Diameter": 0.3266526758670807, "Contact": "N/a", "Distance from Tree": "N/a", "Time (s)": 187.59, "Angle Correction": 0.0, "Angle Correction Direction": "CW", "Notes": "N/a"}, "1_2_9": {"elbow_joint": 1.0348003546344202, "shoulder_lift_joint": -0.5513730806163331, "shoulder_pan_joint": -1.3662570158587855, "wrist_1_joint": -4.686953445474142, "wrist_2_joint": -0.9884441534625452, "wrist_3_joint": 1.659096598625183, "measured diameter": "0.572", "W1 Diameter": 0.2705608010292053, "W2 Diameter": 0.2705608010292053, "Mean Diameter": 0.33242684602737427, "Median Diameter": 0.3266526758670807, "Contact": "N/a", "Distance from Tree": "N/a", "Time (s)": 187.59, "Angle Correction": 0.0, "Angle Correction Direction": "CW", "Notes": "N/a"}, "1_2_10": {"elbow_joint": 1.5070069471942347, "shoulder_lift_joint": -0.7677987378886719, "shoulder_pan_joint": -1.3592684904681605, "wrist_1_joint": -4.852155109445089, "wrist_2_joint": -0.6540525595294397, "wrist_3_joint": 1.6590219736099243, "measured diameter": "0.48", "W1 Diameter": 0.2705608010292053, "W2 Diameter": 0.2705608010292053, "Mean Diameter": 0.33242684602737427, "Median Diameter": 0.3266526758670807, "Contact": "N/a", "Distance from Tree": "N/a", "Time (s)": 187.59, "Angle Correction": 0.0, "Angle Correction Direction": "CW", "Notes": "N/a"}, "1_2_11": {"elbow_joint": 1.506064240132467, "shoulder_lift_joint": -1.0611159366420289, "shoulder_pan_joint": -1.1434877554522913, "wrist_1_joint": -5.032239814797872, "wrist_2_joint": -0.6535752455340784, "wrist_3_joint": 2.021153450012207, "measured diameter": "0.24", "W1 Diameter": 0.2705608010292053, "W2 Diameter": 0.2705608010292053, "Mean Diameter": 0.33242684602737427, "Median Diameter": 0.3266526758670807, "Contact": "N/a", "Distance from Tree": "N/a", "Time (s)": 187.59, "Angle Correction": 0.0, "Angle Correction Direction": "CW", "Notes": "N/a"}, "1_2_12": {"elbow_joint": 1.8568928877459925, "shoulder_lift_joint": -1.2855925124934693,