{"6_1_1": {"elbow_joint": 1.9018695990191858, "shoulder_lift_joint": -0.8054917615703125, "shoulder_pan_joint": -1.3702157179461878, "wrist_1_joint": -4.107844015161032, "wrist_2_joint": -1.8555620352374476, "wrist_3_joint": 1.2339601516723633, "measured diameter": "1.25", "W1 Diameter": 1.3124078512191772, "W2 Diameter": 1.2885459661483765, "Mean Diameter": 1.3171803951263428, "Median Diameter": 1.3124078512191772, "Contact": "R", "Distance from Tree": "7.0", "Time (s)": 41.49, "Angle Correction": 0.0, "Angle Correction Direction": "CW", "Notes": "N/a"}, "6_1_2": {"elbow_joint": 1.9038456122027796, "shoulder_lift_joint": -0.8051808637431641, "shoulder_pan_joint": -1.3738234678851526, "wrist_1_joint": -4.1100815735259, "wrist_2_joint": -1.8539288679706019, "wrist_3_joint": 1.2516860961914062, "measured diameter": "1.25", "W1 Diameter": 1.340603232383728, "W2 Diameter": 1.340603232383728, "Mean Diameter": 1.3525729179382324, "Median Diameter": 1.3525729179382324, "Contact": "R", "Distance from Tree": "7.0", "Time (s)": 39.69, "Angle Correction": 0.0, "Angle Correction Direction": "CW", "Notes": "N/a"}, "6_1_3": {"elbow_joint": 1.906121079121725, "shoulder_lift_joint": -0.8020611566356202, "shoulder_pan_joint": -1.3750022093402308, "wrist_1_joint": -4.1104165516295375, "wrist_2_joint": -1.8519352118121546, "wrist_3_joint": 1.2339482307434082, "measured diameter": "1.25", "W1 Diameter": 1.342976689338684, "W2 Diameter": 1.342976689338684, "Mean Diameter": 1.3509232997894287, "Median Diameter": 1.3509232997894287, "Contact": "R", "Distance from Tree": "7.0", "Time (s)": 40.89, "Angle Correction": 0.0, "Angle Correction Direction": "CW", "Notes": "N/a"}, "6_1_4": {"elbow_joint": 1.905642334614889, "shoulder_lift_joint": -0.8093407911113282, "shoulder_pan_joint": -1.375747028981344, "wrist_1_joint": -4.111625333825582, "wrist_2_joint": -1.8512747923480433, "wrist_3_joint": 1.2276573181152344, "measured diameter": "1.25", "W1 Diameter": 1.348227620124817, "W2 Diameter": 1.348227620124817, "Mean Diameter": 1.3625705242156982, "Median Diameter": 1.3625705242156982, "Contact": "R", "Distance from Tree": "8.5", "Time (s)": 43.19, "Angle Correction": 0.0, "Angle Correction Direction": "CW", "Notes": "N/a"}, "6_1_5": {"elbow_joint": 1.9025638739215296, "shoulder_lift_joint": -0.8054917615703125, "shoulder_pan_joint": -1.3745930830584925, "wrist_1_joint": -4.109591146508688, "wrist_2_joint": -1.8525837103473108, "wrist_3_joint": 1.2179512977600098, "measured diameter": "1.25", "W1 Diameter": 1.3699579238891602, "W2 Diameter": 1.3220572471618652, "Mean Diameter": 1.3579827547073364, "Median Diameter": 1.3651678562164307, "Contact": "R", "Distance from Tree": "8.5", "Time (s)": 43.09, "Angle Correction": 0.0, "Angle Correction Direction": "CW", "Notes": "N/a"}, "6_1_6": {"elbow_joint": 1.9050071875201624, "shoulder_lift_joint": -0.8073445123485108, "shoulder_pan_joint": -1.3748820463763636, "wrist_1_joint": -4.111457725564474, "wrist_2_joint": -1.8520553747760218, "wrist_3_joint": 1.1859097480773926, "measured diameter": "1.25", "W1 Diameter": 1.365219235420227, "W2 Diameter": 1.2983903884887695, "Mean Diameter": 1.344215989112854, "Median Diameter": 1.3556722402572632, "Contact": "R", "Distance from Tree": "8.5", "Time (s)": 44.29, "Angle Correction": 0.0, "Angle Correction Direction": "CW", "Notes": "N/a"}, "6_2_1": {"elbow_joint": 1.8871963659869593, "shoulder_lift_joint": -0.8020013135722657, "shoulder_pan_joint": -1.363723103200094, "wrist_1_joint": -4.100412984887594, "wrist_2_joint": -1.8639333883868616, "wrist_3_joint": 1.2292027473449707, "measured diameter": "1.00", "W1 Diameter": 1.0928537845611572, "W2 Diameter": 1.0735112428665161, "Mean Diameter": 1.0522345304489136, "Median Diameter": 1.0444973707199097, "Contact": "R", "Distance from Tree": "8.5", "Time (s)": 44.49, "Angle Correction": 0.0, "Angle Correction Direction": "CW", "Notes": "N/a"}, "6_2_2": {"elbow_joint": 1.8884647528277796, "shoulder_lift_joint": -0.8004473012736817, "shoulder_pan_joint": -1.3709738890277308, "wrist_1_joint": -4.101418157617086, "wrist_2_joint": -1.855910603200094, "wrist_3_joint": 1.2060160636901855, "measured diameter": "1.00", "W1 Diameter": 1.0046257972717285, "W2 Diameter": 0.9656111598014832, "Mean Diameter": 0.9586442708969116, "Median Diameter": 0.9851184487342834, "Contact": "R", "Distance from Tree": "8.5", "Time (s)": 46.69, "Angle Correction": 0.0, "Angle Correction Direction": "CW", "Notes": "N/a"}, "6_2_3": {"elbow_joint": 1.8846805731402796, "shoulder_lift_joint": -0.7996823352626343, "shoulder_pan_joint": -1.3723328749286097, "wrist_1_joint": -4.100317379037374, "wrist_2_joint": -1.855586353932516, "wrist_3_joint": 1.1813559532165527, "measured diameter": "1.00", "W1 Diameter": 1.0381006002426147, "W2 Diameter": 0.9793402552604675, "Mean Diameter": 1.0126378536224365, "Median Diameter": 0.9989270567893982, "Contact": "R", "Distance from Tree": "8.5", "Time (s)": 44.19, "Angle Correction": 0.0, "Angle Correction Direction": "CW", "Notes": "N/a"}, "6_2_4": {"elbow_joint": 1.8862255255328577, "shoulder_lift_joint": -0.7963473361781617, "shoulder_pan_joint": -1.3740761915790003, "wrist_1_joint": -4.100161691705221, "wrist_2_joint": -1.8546612898456019, "wrist_3_joint": 1.2272257804870605, "measured diameter": "1.00", "W1 Diameter": 1.0786161422729492, "W2 Diameter": 1.0625174045562744, "Mean Diameter": 1.059498906135559, "Median Diameter": 1.058492660522461, "Contact": "R", "Distance from Tree": "7.0", "Time (s)": 39.59, "Angle Correction": 0.0, "Angle Correction Direction": "CW", "Notes": "N/a"}, "6_2_5": {"elbow_joint": 1.8835905233966272, "shoulder_lift_joint": -0.7952594322017212, "shoulder_pan_joint": -1.3717549482928675, "wrist_1_joint": -4.097660919229025, "wrist_2_joint": -1.8540609518634241, "wrist_3_joint": 1.2418828010559082, "measured diameter": "1.00", "W1 Diameter": 1.095879316329956, "W2 Diameter": 1.0634088516235352, "Mean Diameter": 1.0654382705688477, "Median Diameter": 1.0593500137329102, "Contact": "R", "Distance from Tree": "7.0", "Time (s)": 40.89, "Angle Correction": 0.0, "Angle Correction Direction": "CW", "Notes": "N/a"}, "6_2_6": {"elbow_joint": 1.8878791967975062, "shoulder_lift_joint": -0.7973751586726685, "shoulder_pan_joint": -1.3758795897113245, "wrist_1_joint": -4.101298471490377, "wrist_2_joint": -1.8510945479022425, "wrist_3_joint": 1.224888801574707, "measured diameter": "1.00", "W1 Diameter": 1.0901192426681519, "W2 Diameter": 1.065894365310669, "Mean Diameter": 1.0921380519866943, "Median Diameter": 1.0981942415237427, "Contact": "R", "Distance from Tree": "7.0", "Time (s)": 40.49, "Angle Correction": 0.0, "Angle Correction Direction": "CW", "Notes": "N/a"}, "6_3_1": {"elbow_joint": 1.896597687398092, "shoulder_lift_joint": -0.8018099826625367, "shoulder_pan_joint": -1.3643954435931605, "wrist_1_joint": -4.104086538354391, "wrist_2_joint": -1.863356892262594, "wrist_3_joint": 1.2247095108032227, "measured diameter": "0.75", "W1 Diameter": 0.8316372036933899, "W2 Diameter": 0.8316372036933899, "Mean Diameter": 0.7548097968101501, "Median Diameter": 0.851438045501709, "Contact": "R", "Distance from Tree": "7.0", "Time (s)": 41.89, "Angle Correction": 0.0, "Angle Correction Direction": "CW", "Notes": "N/a"}, "6_3_2": {"elbow_joint": 1.8971851507769983, "shoulder_lift_joint": -0.8001724046519776, "shoulder_pan_joint": -1.3691218535052698, "wrist_1_joint": -4.105019947091574, "wrist_2_joint": -1.859321419392721, "wrist_3_joint": 1.2237029075622559, "measured diameter": "0.75", "W1 Diameter": 0.8191717863082886, "W2 Diameter": 0.8032655119895935, "Mean Diameter": 0.8373503088951111, "Median Diameter": 0.8350780010223389, "Contact": "R", "Distance from Tree": "7.0", "Time (s)": 40.89, "Angle Correction": 0.0, "Angle Correction Direction": "CW", "Notes": "N/a"}, "6_3_3": {"elbow_joint": 1.8904417196856897, "shoulder_lift_joint": -0.7987259191325684, "shoulder_pan_joint": -1.369049374257223, "wrist_1_joint": -4.101514001885885,