{"4_1_1": {"elbow_joint": 2.3548839727984827, "shoulder_lift_joint": -0.9789595168880005, "shoulder_pan_joint": -2.431654993687765, "wrist_1_joint": -4.437495847741598, "wrist_2_joint": -0.7948134581195276, "wrist_3_joint": 1.3512463569641113, "measured diameter": "1.25", "W1 Diameter": 1.263755440711975, "W2 Diameter": 1.263755440711975, "Mean Diameter": 1.252785325050354, "Median Diameter": 1.244009256362915, "Contact": "C", "Distance from Tree": "8.5", "Time (s)": 45.44, "Angle Correction": 0.0, "Angle Correction Direction": "CW", "Notes": "N/a"}, "4_1_2": {"elbow_joint": 2.3551014105426233, "shoulder_lift_joint": -0.9781688016704102, "shoulder_pan_joint": -2.4305039087878626, "wrist_1_joint": -4.4357458553709925, "wrist_2_joint": -0.7962525526629847, "wrist_3_joint": 1.3644375801086426, "measured diameter": "1.25", "W1 Diameter": 1.2684670686721802, "W2 Diameter": 1.2585572004318237, "Mean Diameter": 1.28432297706604, "Median Diameter": 1.2684670686721802, "Contact": "C", "Distance from Tree": "8.5", "Time (s)": 44.64, "Angle Correction": 0.0, "Angle Correction Direction": "CW", "Notes": "N/a"}, "4_1_3": {"elbow_joint": 2.3572986761676233, "shoulder_lift_joint": -0.9789355558208008, "shoulder_pan_joint": -2.433094088231222, "wrist_1_joint": -4.439042230645651, "wrist_2_joint": -0.7924874464618128, "wrist_3_joint": 1.3350858688354492, "measured diameter": "1.25", "W1 Diameter": 1.2777984142303467, "W2 Diameter": 1.2286523580551147, "Mean Diameter": 1.2655118703842163, "Median Diameter": 1.2679692506790161, "Contact": "C", "Distance from Tree": "8.5", "Time (s)": 44.34, "Angle Correction": 0.0, "Angle Correction Direction": "CW", "Notes": "N/a"}, "4_1_4": {"elbow_joint": 2.3551605383502405, "shoulder_lift_joint": -0.9782645267299195, "shoulder_pan_joint": -2.4303718248950403, "wrist_1_joint": -4.437735696832174, "wrist_2_joint": -0.7957490126239222, "wrist_3_joint": 1.3882246017456055, "measured diameter": "1.25", "W1 Diameter": 1.3119782209396362, "W2 Diameter": 1.3119782209396362, "Mean Diameter": 1.3286913633346558, "Median Diameter": 1.3286913633346558, "Contact": "C", "Distance from Tree": "7.0", "Time (s)": 40.54, "Angle Correction": 0.0, "Angle Correction Direction": "CW", "Notes": "N/a"}, "4_1_5": {"elbow_joint": 2.355521027241842, "shoulder_lift_joint": -0.9785161775401612, "shoulder_pan_joint": -2.4303599039660853, "wrist_1_joint": -4.437411924401754, "wrist_2_joint": -0.7948978582965296, "wrist_3_joint": 1.4125618934631348, "measured diameter": "1.25", "W1 Diameter": 1.3012338876724243, "W2 Diameter": 1.2845515012741089, "Mean Diameter": 1.314579963684082, "Median Diameter": 1.3095752000808716, "Contact": "L", "Distance from Tree": "7.0", "Time (s)": 42.79, "Angle Correction": 0.0, "Angle Correction Direction": "CW", "Notes": "N/a"}, "4_1_6": {"elbow_joint": 2.353898827229635, "shoulder_lift_joint": -0.9782884877971192, "shoulder_pan_joint": -2.434892717991964, "wrist_1_joint": -4.435997625390524, "wrist_2_joint": -0.7904484907733362, "wrist_3_joint": 1.3802194595336914, "measured diameter": "1.25", "W1 Diameter": 1.2804605960845947, "W2 Diameter": 1.2804605960845947, "Mean Diameter": 1.3020788431167603, "Median Diameter": 1.313719391822815, "Contact": "C", "Distance from Tree": "7.0", "Time (s)": 40.89, "Angle Correction": 0.0, "Angle Correction Direction": "CW", "Notes": "N/a"}, "4_2_1": {"elbow_joint": 2.342448059712545, "shoulder_lift_joint": -0.9741069835475464, "shoulder_pan_joint": -2.418607298527853, "wrist_1_joint": -4.430267711678976, "wrist_2_joint": -0.8084128538714808, "wrist_3_joint": 1.3816914558410645, "measured diameter": "1.00", "W1 Diameter": 1.0502331256866455, "W2 Diameter": 1.0502331256866455, "Mean Diameter": 1.0321736335754395, "Median Diameter": 1.0293952226638794, "Contact": "R", "Distance from Tree": "7.0", "Time (s)": 40.79, "Angle Correction": 0.0, "Angle Correction Direction": "CW", "Notes": "N/a"}, "4_2_2": {"elbow_joint": 2.3385074774371546, "shoulder_lift_joint": -0.9724176687053223, "shoulder_pan_joint": -2.4102006594287317, "wrist_1_joint": -4.429752250710958, "wrist_2_joint": -0.8159263769732874, "wrist_3_joint": 1.393979549407959, "measured diameter": "1.00", "W1 Diameter": 1.0620988607406616, "W2 Diameter": 1.0620988607406616, "Mean Diameter": 1.0420790910720825, "Median Diameter": 1.0410255193710327, "Contact": "C", "Distance from Tree": "7.0", "Time (s)": 40.79, "Angle Correction": 0.0, "Angle Correction Direction": "CW", "Notes": "N/a"}, "4_2_3": {"elbow_joint": 2.337342087422506, "shoulder_lift_joint": -0.9729687732509156, "shoulder_pan_joint": -2.4140382448779505, "wrist_1_joint": -4.428373714486593, "wrist_2_joint": -0.8114731947528284, "wrist_3_joint": 1.3237252235412598, "measured diameter": "1.00", "W1 Diameter": 1.02904212474823, "W2 Diameter": 1.020607352256775, "Mean Diameter": 1.0459116697311401, "Median Diameter": 1.0459116697311401, "Contact": "R", "Distance from Tree": "7.0", "Time (s)": 40.49, "Angle Correction": 0.0, "Angle Correction Direction": "CW", "Notes": "N/a"}, "4_2_4": {"elbow_joint": 2.3276823202716272, "shoulder_lift_joint": -0.9707042735866089, "shoulder_pan_joint": -2.4044204393969935, "wrist_1_joint": -4.422332426110739, "wrist_2_joint": -0.820571247731344, "wrist_3_joint": 1.3369050025939941, "measured diameter": "1.00", "W1 Diameter": 1.0600087642669678, "W2 Diameter": 0.998854398727417, "Mean Diameter": 1.0421720743179321, "Median Diameter": 1.049816370010376, "Contact": "R", "Distance from Tree": "8.5", "Time (s)": 44.59, "Angle Correction": 0.0, "Angle Correction Direction": "CW", "Notes": "N/a"}, "4_2_5": {"elbow_joint": 2.3206175009356897, "shoulder_lift_joint": -0.9675173324397583, "shoulder_pan_joint": -2.4045401255237024, "wrist_1_joint": -4.416446586648458, "wrist_2_joint": -0.8221800963031214, "wrist_3_joint": 1.3632287979125977, "measured diameter": "1.00", "W1 Diameter": 1.0700222253799438, "W2 Diameter": 1.039156198501587, "Mean Diameter": 1.0206365585327148, "Median Diameter": 1.028867483139038, "Contact": "R", "Distance from Tree": "8.5", "Time (s)": 45.29, "Angle Correction": 0.0, "Angle Correction Direction": "CW", "Notes": "N/a"}, "4_2_6": {"elbow_joint": 2.318911377583639, "shoulder_lift_joint": -0.9689310354045411, "shoulder_pan_joint": -2.4021416346179407, "wrist_1_joint": -4.415859361688131, "wrist_2_joint": -0.8247721830951136, "wrist_3_joint": 1.4172163009643555, "measured diameter": "1.00", "W1 Diameter": 1.051242470741272, "W2 Diameter": 1.051242470741272, "Mean Diameter": 1.0058947801589966, "Median Diameter": 0.9997109770774841, "Contact": "R", "Distance from Tree": "8.5", "Time (s)": 46.09, "Angle Correction": 0.0, "Angle Correction Direction": "CW", "Notes": "N/a"}, "4_3_1": {"elbow_joint": 2.3392046133624476, "shoulder_lift_joint": -0.9722737830928345, "shoulder_pan_joint": -2.3971648851977747, "wrist_1_joint": -4.431322475472921, "wrist_2_joint": -0.8291295210467737, "wrist_3_joint": 1.2898716926574707, "measured diameter": "0.75", "W1 Diameter": 0.792206883430481, "W2 Diameter": 0.7426939606666565, "Mean Diameter": 0.7879629135131836, "Median Diameter": 0.7724016904830933, "Contact": "C", "Distance from Tree": "8.5", "Time (s)": 45.49, "Angle Correction": 0.0, "Angle Correction Direction": "CW", "Notes": "N/a"}, "4_3_2": {"elbow_joint": 2.338123146687643, "shoulder_lift_joint": -0.9728849691203614, "shoulder_pan_joint": -2.397608820592062, "wrist_1_joint": -4.431634326974386, "wrist_2_joint": -0.8283370176898401, "wrist_3_joint": 1.2819929122924805, "measured diameter": "0.75", "W1 Diameter": 0.8113735914230347, "W2 Diameter": 0.7618995904922485, "Mean Diameter": 0.7981805205345154, "Median Diameter": 0.7965313792228699, "Contact": "R", "Distance from Tree": "8.5", "Time (s)": 46.49, "Angle Correction": 0.0, "Angle Correction Direction": "CW", "Notes": "N/a"}, "4_3_3": {"elbow_joint": 2.339661423360006, "shoulder_lift_joint": -0.9731365007213135, "shoulder_pan_joint": -2.393303457890646, "wrist_1_joint": -4.4331447086729945,