{"5_1_1": {"elbow_joint": 1.6454361120807093, "shoulder_lift_joint": -0.7001561683467408, "shoulder_pan_joint": -2.171640698109762, "wrist_1_joint": -4.027976652184957, "wrist_2_joint": -1.053948704396383, "wrist_3_joint": 1.3562626838684082, "measured diameter": "0.5", "W1 Diameter": 0.45979923009872437, "W2 Diameter": 0.45979923009872437, "Mean Diameter": 0.4881120026111603, "Median Diameter": 0.48358193039894104, "Contact": "C", "Distance from Tree": "7.0", "Time (s)": 40.94, "Angle Correction": 0.0, "Angle Correction Direction": "CW", "Notes": "N/a"}, "5_1_2": {"elbow_joint": 1.6399849096881312, "shoulder_lift_joint": -0.6989947122386475, "shoulder_pan_joint": -2.1678136030780237, "wrist_1_joint": -4.021363397637838, "wrist_2_joint": -1.0574520269977015, "wrist_3_joint": 1.6486473083496094, "measured diameter": "0.5", "W1 Diameter": 0.6038839221000671, "W2 Diameter": 0.5636250376701355, "Mean Diameter": 0.6207926869392395, "Median Diameter": 0.6079098582267761, "Contact": "L", "Distance from Tree": "7.0", "Time (s)": 39.14, "Angle Correction": 0.0, "Angle Correction Direction": "CW", "Notes": "N/a"}, "5_1_3": {"elbow_joint": 1.6462391058551233, "shoulder_lift_joint": -0.6995814603618165, "shoulder_pan_joint": -2.173112217579977, "wrist_1_joint": -4.024604221383566, "wrist_2_joint": -1.052485767995016, "wrist_3_joint": 1.6352739334106445, "measured diameter": "0.5", "W1 Diameter": 0.6195468306541443, "W2 Diameter": 0.5798323154449463, "Mean Diameter": 0.6261659264564514, "Median Diameter": 0.6314612030982971, "Contact": "L", "Distance from Tree": "7.0", "Time (s)": 38.84, "Angle Correction": 0.0, "Angle Correction Direction": "CW", "Notes": "N/a"}, "5_1_4": {"elbow_joint": 1.6346309820758265, "shoulder_lift_joint": -0.6997969907573243, "shoulder_pan_joint": -2.178016964589254, "wrist_1_joint": -4.020861049691671, "wrist_2_joint": -1.047483269368307, "wrist_3_joint": 1.5163378715515137, "measured diameter": "0.5", "W1 Diameter": 0.5462831258773804, "W2 Diameter": 0.5462831258773804, "Mean Diameter": 0.573597252368927, "Median Diameter": 0.5657932162284851, "Contact": "C", "Distance from Tree": "8.5", "Time (s)": 42.64, "Angle Correction": 0.0, "Angle Correction Direction": "CW", "Notes": "N/a"}, "5_1_5": {"elbow_joint": 1.6340902487384241, "shoulder_lift_joint": -0.6981087487987061, "shoulder_pan_joint": -2.175253216420309, "wrist_1_joint": -4.021721979180807, "wrist_2_joint": -1.051873509083883, "wrist_3_joint": 1.486243724822998, "measured diameter": "0.5", "W1 Diameter": 0.5095986127853394, "W2 Diameter": 0.4899986684322357, "Mean Diameter": 0.5213586091995239, "Median Diameter": 0.5193986296653748, "Contact": "C", "Distance from Tree": "8.5", "Time (s)": 42.74, "Angle Correction": 0.0, "Angle Correction Direction": "CW", "Notes": "N/a"}, "5_1_6": {"elbow_joint": 1.6412094275103968, "shoulder_lift_joint": -0.7006350320628663, "shoulder_pan_joint": -2.17246658006777, "wrist_1_joint": -4.025800128976339, "wrist_2_joint": -1.0525577704059046, "wrist_3_joint": 1.464733600616455, "measured diameter": "0.5", "W1 Diameter": 0.5249916911125183, "W2 Diameter": 0.4763813614845276, "Mean Diameter": 0.5395748019218445, "Median Diameter": 0.5395748019218445, "Contact": "L", "Distance from Tree": "8.5", "Time (s)": 43.64, "Angle Correction": 0.0, "Angle Correction Direction": "CW", "Notes": "N/a"}, "5_2_1": {"elbow_joint": 1.6566608587848108, "shoulder_lift_joint": -0.7074356836131592, "shoulder_pan_joint": -2.172872845326559, "wrist_1_joint": -4.033645292321676, "wrist_2_joint": -1.0511062780963343, "wrist_3_joint": 1.4873576164245605, "measured diameter": "0.75", "W1 Diameter": 0.7945291996002197, "W2 Diameter": 0.7267035245895386, "Mean Diameter": 0.7635232210159302, "Median Diameter": 0.7460823059082031, "Contact": "L", "Distance from Tree": "8.5", "Time (s)": 43.04, "Angle Correction": 0.0, "Angle Correction Direction": "CW", "Notes": "N/a"}, "5_2_2": {"elbow_joint": 1.658989731465475, "shoulder_lift_joint": -0.7069088977626343, "shoulder_pan_joint": -2.1730645338641565, "wrist_1_joint": -4.034721513787741, "wrist_2_joint": -1.052378002797262, "wrist_3_joint": 1.4783391952514648, "measured diameter": "0.75", "W1 Diameter": 0.6092555522918701, "W2 Diameter": 0.5512312054634094, "Mean Diameter": 0.6358500123023987, "Median Diameter": 0.6479384303092957, "Contact": "C", "Distance from Tree": "8.5", "Time (s)": 43.74, "Angle Correction": 0.0, "Angle Correction Direction": "CW", "Notes": "N/a"}, "5_2_3": {"elbow_joint": 1.6513069311725062, "shoulder_lift_joint": -0.7034247678569336, "shoulder_pan_joint": -2.1716530958758753, "wrist_1_joint": -4.030452152291769, "wrist_2_joint": -1.053948704396383, "wrist_3_joint": 1.4716081619262695, "measured diameter": "0.75", "W1 Diameter": 0.7523504495620728, "W2 Diameter": 0.7230380773544312, "Mean Diameter": 0.7621212005615234, "Median Diameter": 0.7621212005615234, "Contact": "C", "Distance from Tree": "8.5", "Time (s)": 42.74, "Angle Correction": 0.0, "Angle Correction Direction": "CW", "Notes": "N/a"}, "5_2_4": {"elbow_joint": 1.6485450903521937, "shoulder_lift_joint": -0.7021197837642212, "shoulder_pan_joint": -2.169870678578512, "wrist_1_joint": -4.0288735828795375, "wrist_2_joint": -1.055964771901266, "wrist_3_joint": 1.4981708526611328, "measured diameter": "0.75", "W1 Diameter": 0.8204145431518555, "W2 Diameter": 0.7739759683609009, "Mean Diameter": 0.8002911806106567, "Median Diameter": 0.7894555330276489, "Contact": "C", "Distance from Tree": "7.0", "Time (s)": 38.24, "Angle Correction": 0.0, "Angle Correction Direction": "CW", "Notes": "N/a"}, "5_2_5": {"elbow_joint": 1.6495769659625452, "shoulder_lift_joint": -0.7028500598720093, "shoulder_pan_joint": -2.1715100447284144, "wrist_1_joint": -4.028777977029318, "wrist_2_joint": -1.0560486952411097, "wrist_3_joint": 1.4786267280578613, "measured diameter": "0.75", "W1 Diameter": 0.750247597694397, "W2 Diameter": 0.6264954209327698, "Mean Diameter": 0.7287014722824097, "Median Diameter": 0.7541148066520691, "Contact": "C", "Distance from Tree": "7.0", "Time (s)": 39.74, "Angle Correction": 0.0, "Angle Correction Direction": "CW", "Notes": "N/a"}, "5_2_6": {"elbow_joint": 1.6766975561725062, "shoulder_lift_joint": -0.7146672767451783, "shoulder_pan_joint": -2.1720240751849573, "wrist_1_joint": -4.044444223443502, "wrist_2_joint": -1.0535772482501429, "wrist_3_joint": 1.4914770126342773, "measured diameter": "0.75", "W1 Diameter": 0.7915212512016296, "W2 Diameter": 0.7397394776344299, "Mean Diameter": 0.7848635911941528, "Median Diameter": 0.7878225445747375, "Contact": "C", "Distance from Tree": "7.0", "Time (s)": 38.14, "Angle Correction": 0.0, "Angle Correction Direction": "CW", "Notes": "One bad video before this"}, "5_3_1": {"elbow_joint": 1.6675975958453577, "shoulder_lift_joint": -0.706453875904419, "shoulder_pan_joint": -2.176748577748434, "wrist_1_joint": -4.039505144158834, "wrist_2_joint": -1.0509141127215784, "wrist_3_joint": 1.4935846328735352, "measured diameter": "1.0", "W1 Diameter": 1.0779109001159668, "W2 Diameter": 0.9980656504631042, "Mean Diameter": 1.036657452583313, "Median Diameter": 1.0339959859848022, "Contact": "C", "Distance from Tree": "7.0", "Time (s)": 39.74, "Angle Correction": 0.0, "Angle Correction Direction": "CW", "Notes": ""}, "5_3_2": {"elbow_joint": 1.6615350882159632, "shoulder_lift_joint": -0.7084413331798096, "shoulder_pan_joint": -2.17489463487734, "wrist_1_joint": -4.035809894601339, "wrist_2_joint": -1.0522940794574183, "wrist_3_joint": 1.487417221069336, "measured diameter": "1.0", "W1 Diameter": 1.0341944694519043, "W2 Diameter": 1.0341944694519043, "Mean Diameter": 1.0616651773452759, "Median Diameter": 1.066512942314148, "Contact": "C", "Distance from Tree": "7.0", "Time (s)": 40.14, "Angle Correction": 0.0, "Angle Correction Direction": "CW", "Notes": "N/a"}, "5_3_3": {"elbow_joint": 1.6554601828204554, "shoulder_lift_joint": -0.704430417423584, "shoulder_pan_joint": -2.1722634474383753,