{"1_1_1": {"elbow_joint": 1.9503486792193812, "shoulder_lift_joint": -0.8155327600291749, "shoulder_pan_joint": -1.574747387562887, "wrist_1_joint": -4.226440568963522, "wrist_2_joint": -1.6281440893756312, "wrist_3_joint": 1.1573190689086914, "measured diameter": "1.25", "W1 Diameter": 1.3920133113861084, "W2 Diameter": 1.3547937870025635, "Mean Diameter": 1.2361562252044678, "Median Diameter": 1.3436278104782104, "Contact": "R", "Distance from Tree": "6.5", "Time (s)": 47.27, "Angle Correction": 0.0, "Angle Correction Direction": "CW", "Notes": "N/a"}, "1_1_2": {"elbow_joint": 1.9493759314166468, "shoulder_lift_joint": -0.8153653901866456, "shoulder_pan_joint": -1.5768330732928675, "wrist_1_joint": -4.226164480248922, "wrist_2_joint": -1.6242297331439417, "wrist_3_joint": 1.1335105895996094, "measured diameter": "1.25", "W1 Diameter": 1.4106435775756836, "W2 Diameter": 1.320602536201477, "Mean Diameter": 1.144363522529602, "Median Diameter": 1.3356094360351562, "Contact": "R", "Distance from Tree": "6.5", "Time (s)": 41.77, "Angle Correction": 0.0, "Angle Correction Direction": "CW", "Notes": "N/a"}, "1_1_3": {"elbow_joint": 1.9440696875201624, "shoulder_lift_joint": -0.8131420177272339, "shoulder_pan_joint": -1.5773118177997034, "wrist_1_joint": -4.223043104211325, "wrist_2_joint": -1.6240738073932093, "wrist_3_joint": 1.165663719177246, "measured diameter": "1.25", "W1 Diameter": 1.4173355102539062, "W2 Diameter": 1.379438877105713, "Mean Diameter": 1.427538514137268, "Median Diameter": 1.4211251735687256, "Contact": "R", "Distance from Tree": "6.5", "Time (s)": 41.67, "Angle Correction": 0.0, "Angle Correction Direction": "CW", "Notes": "N/a"}, "1_1_4": {"elbow_joint": 1.9443214575396937, "shoulder_lift_joint": -0.815747932796814, "shoulder_pan_joint": -1.5792887846576136, "wrist_1_joint": -4.224363704720968, "wrist_2_joint": -1.622230354939596, "wrist_3_joint": 1.1638026237487793, "measured diameter": "1.25", "W1 Diameter": 1.3696197271347046, "W2 Diameter": 1.3069573640823364, "Mean Diameter": 1.4022935628890991, "Median Diameter": 1.3740955591201782, "Contact": "R", "Distance from Tree": "8.0", "Time (s)": 43.97, "Angle Correction": 0.0, "Angle Correction Direction": "CW", "Notes": "N/a"}, "1_1_5": {"elbow_joint": 1.9466388861285608, "shoulder_lift_joint": -0.8156402868083497, "shoulder_pan_joint": -1.5851739088641565, "wrist_1_joint": -4.226152320901388, "wrist_2_joint": -1.6167100111590784, "wrist_3_joint": 1.1386613845825195, "measured diameter": "1.25", "W1 Diameter": 1.323117971420288, "W2 Diameter": 1.3052380084991455, "Mean Diameter": 0.9626739621162415, "Median Diameter": 0.8448286652565002, "Contact": "R", "Distance from Tree": "8.0", "Time (s)": 43.27, "Angle Correction": 0.0, "Angle Correction Direction": "CW", "Notes": "N/a"}, "1_1_6": {"elbow_joint": 1.9438770453082483, "shoulder_lift_joint": -0.8119585079005738, "shoulder_pan_joint": -1.5829804579364222, "wrist_1_joint": -4.224375625649923, "wrist_2_joint": -1.6178482214557093, "wrist_3_joint": 1.1153688430786133, "measured diameter": "1.25", "W1 Diameter": 1.3624231815338135, "W2 Diameter": 1.2996799945831299, "Mean Diameter": 1.565250039100647, "Median Diameter": 1.344496488571167, "Contact": "R", "Distance from Tree": "8.0", "Time (s)": 45.27, "Angle Correction": 0.0, "Angle Correction Direction": "CW", "Notes": "N/a"}, "1_2_1": {"elbow_joint": 1.993960205708639, "shoulder_lift_joint": -0.833152250652649, "shoulder_pan_joint": -1.6016705671893519, "wrist_1_joint": -4.255515237847799, "wrist_2_joint": -1.5988948980914515, "wrist_3_joint": 1.109778881072998, "measured diameter": "1.25", "W1 Diameter": 1.0951491594314575, "W2 Diameter": 1.0491344928741455, "Mean Diameter": 1.165281891822815, "Median Diameter": 1.1043521165847778, "Contact": "R", "Distance from Tree": "8.0", "Time (s)": 43.97, "Angle Correction": 0.0, "Angle Correction Direction": "CW", "Notes": "N/a"}, "1_2_2": {"elbow_joint": 1.9865997473346155, "shoulder_lift_joint": -0.82900424421344, "shoulder_pan_joint": -1.5995467344867151, "wrist_1_joint": -4.25092949489736, "wrist_2_joint": -1.6015427748309534, "wrist_3_joint": 1.1152968406677246, "measured diameter": "1.0", "W1 Diameter": 1.0330960750579834, "W2 Diameter": 0.9958673715591431, "Mean Diameter": 0.8884118795394897, "Median Diameter": 1.014481782913208, "Contact": "R", "Distance from Tree": "8.0", "Time (s)": 45.01, "Angle Correction": 0.0, "Angle Correction Direction": "CW", "Notes": "Bad video before, someone turned on lights "}, "1_2_3": {"elbow_joint": 1.981436554585592, "shoulder_lift_joint": -0.8309050363353272, "shoulder_pan_joint": -1.6036036650287073, "wrist_1_joint": -4.2477363548674525, "wrist_2_joint": -1.5978882948504847, "wrist_3_joint": 1.127302646636963, "measured diameter": "1.0", "W1 Diameter": 1.0326734781265259, "W2 Diameter": 1.0326734781265259, "Mean Diameter": 1.0715664625167847, "Median Diameter": 1.0702252388000488, "Contact": "R", "Distance from Tree": "8.0", "Time (s)": 44.81, "Angle Correction": 0.0, "Angle Correction Direction": "CW", "Notes": ""}, "1_2_4": {"elbow_joint": 1.9762008825885218, "shoulder_lift_joint": -0.8237566512874146, "shoulder_pan_joint": -1.5974229017840784, "wrist_1_joint": -4.243162532845968, "wrist_2_joint": -1.6055200735675257, "wrist_3_joint": 1.1658439636230469, "measured diameter": "1.0", "W1 Diameter": 1.0981457233428955, "W2 Diameter": 1.083305835723877, "Mean Diameter": 0.9311978816986084, "Median Diameter": 1.079595923423767, "Contact": "R", "Distance from Tree": "6.5", "Time (s)": 39.71, "Angle Correction": 0.0, "Angle Correction Direction": "CW", "Notes": "N/a"}, "1_2_5": {"elbow_joint": 1.9724786917315882, "shoulder_lift_joint": -0.822513536815979, "shoulder_pan_joint": -1.6023429075824183, "wrist_1_joint": -4.2413019142546595, "wrist_2_joint": -1.5991223494159144, "wrist_3_joint": 1.1242051124572754, "measured diameter": "1.0", "W1 Diameter": 1.1371161937713623, "W2 Diameter": 1.0922300815582275, "Mean Diameter": 0.944578230381012, "Median Diameter": 1.1258946657180786, "Contact": "R", "Distance from Tree": "6.5", "Time (s)": 39.81, "Angle Correction": 0.0, "Angle Correction Direction": "CW", "Notes": "N/a"}, "1_2_6": {"elbow_joint": 1.964541260396139, "shoulder_lift_joint": -0.8203022044948121, "shoulder_pan_joint": -1.5949042479144495, "wrist_1_joint": -4.234819551507467, "wrist_2_joint": -1.6076644102679651, "wrist_3_joint": 1.2242183685302734, "measured diameter": "1.0", "W1 Diameter": 1.1244490146636963, "W2 Diameter": 1.1092537641525269, "Mean Diameter": 0.9041178226470947, "Median Diameter": 1.105454921722412, "Contact": "C", "Distance from Tree": "6.5", "Time (s)": 39.81, "Angle Correction": 0.0, "Angle Correction Direction": "CW", "Notes": "N/a"}, "1_3_1": {"elbow_joint": 1.9751327673541468, "shoulder_lift_joint": -0.825681285267212, "shoulder_pan_joint": -1.5925677458392542, "wrist_1_joint": -4.242298265496725, "wrist_2_joint": -1.610060993825094, "wrist_3_joint": 1.1567788124084473, "measured diameter": "0.75", "W1 Diameter": 0.8769798874855042, "W2 Diameter": 0.8618595600128174, "Mean Diameter": 0.6366744637489319, "Median Diameter": 0.7446768879890442, "Contact": "R", "Distance from Tree": "6.5", "Time (s)": 42.19, "Angle Correction": 0.0, "Angle Correction Direction": "CW", "Notes": "N/a"}, "1_3_2": {"elbow_joint": 1.9707382361041468, "shoulder_lift_joint": -0.8241512340358277, "shoulder_pan_joint": -1.5897038618670862, "wrist_1_joint": -4.239705225030416, "wrist_2_joint": -1.6118338743792933, "wrist_3_joint": 1.1938419342041016, "measured diameter": "0.75", "W1 Diameter": 0.8519905209541321, "W2 Diameter": 0.8519905209541321, "Mean Diameter": 0.7651099562644958, "Median Diameter": 0.8367764353752136, "Contact": "R", "Distance from Tree": "6.5", "Time (s)": 39.69, "Angle Correction": 0.0, "Angle Correction Direction": "CW", "Notes": "N/a"}, "1_3_3": {"elbow_joint": 1.9709652105914515, "shoulder_lift_joint": -0.8242706817439576, "shoulder_pan_joint": -1.5899069944964808,