{"1_1_1": {"elbow_joint": 2.0311792532550257, "shoulder_lift_joint": -0.861666278248169, "shoulder_pan_joint": -1.6310847441302698, "wrist_1_joint": -4.255755086938375, "wrist_2_joint": -1.583224121724264, "wrist_3_joint": 1.465224266052246, "measured diameter": "0.5", "W1 Diameter": 0.521854817867279, "W2 Diameter": 0.521854817867279, "Mean Diameter": 0.5459403991699219, "Median Diameter": 0.5459403991699219, "Contact": "C", "Distance from Tree": "7.0", "Time (s)": 42.53, "Angle Correction": 0.0, "Angle Correction Direction": "CW", "Notes": "N/a"}, "1_1_2": {"elbow_joint": 2.0274933020221155, "shoulder_lift_joint": -0.8604898017695923, "shoulder_pan_joint": -1.629308048878805, "wrist_1_joint": -4.253378292123312, "wrist_2_joint": -1.585428539906637, "wrist_3_joint": 1.445810317993164, "measured diameter": "0.5", "W1 Diameter": 0.5260033011436462, "W2 Diameter": 0.517910897731781, "Mean Diameter": 0.5438064336776733, "Median Diameter": 0.5340956449508667, "Contact": "L", "Distance from Tree": "7.0", "Time (s)": 41.53, "Angle Correction": 0.0, "Angle Correction Direction": "CW", "Notes": "N/a"}, "1_1_3": {"elbow_joint": 2.026520554219381, "shoulder_lift_joint": -0.8608018916896363, "shoulder_pan_joint": -1.6309521834002894, "wrist_1_joint": -4.252021928826803, "wrist_2_joint": -1.5828526655780237, "wrist_3_joint": 1.4388279914855957, "measured diameter": "0.5", "W1 Diameter": 0.5787566304206848, "W2 Diameter": 0.5706050992012024, "Mean Diameter": 0.5477808713912964, "Median Diameter": 0.5379990935325623, "Contact": "L", "Distance from Tree": "7.0", "Time (s)": 41.63, "Angle Correction": 0.0, "Angle Correction Direction": "CW", "Notes": "N/a"}, "1_1_4": {"elbow_joint": 2.011393372212545, "shoulder_lift_joint": -0.8544992965510865, "shoulder_pan_joint": -1.6245320479022425, "wrist_1_joint": -4.24276651958608, "wrist_2_joint": -1.5878966490374964, "wrist_3_joint": 1.4073805809020996, "measured diameter": "0.5", "W1 Diameter": 0.5343554615974426, "W2 Diameter": 0.5145645141601562, "Mean Diameter": 0.5499054789543152, "Median Diameter": 0.5541463494300842, "Contact": "L", "Distance from Tree": "8.5", "Time (s)": 45.43, "Angle Correction": 0.0, "Angle Correction Direction": "CW", "Notes": "N/a"}, "1_1_5": {"elbow_joint": 2.020397965108053, "shoulder_lift_joint": -0.8598055404475708, "shoulder_pan_joint": -1.6277363936053675, "wrist_1_joint": -4.248828550378317, "wrist_2_joint": -1.5852487722979944, "wrist_3_joint": 1.4371156692504883, "measured diameter": "0.5", "W1 Diameter": 0.5184511542320251, "W2 Diameter": 0.49888697266578674, "Mean Diameter": 0.5135601162910461, "Median Diameter": 0.5135601162910461, "Contact": "L", "Distance from Tree": "8.5", "Time (s)": 45.73, "Angle Correction": 0.0, "Angle Correction Direction": "CW", "Notes": "N/a"}, "1_1_6": {"elbow_joint": 2.013157669697897, "shoulder_lift_joint": -0.8582208913615723, "shoulder_pan_joint": -1.6250479857074183, "wrist_1_joint": -4.2446030579009, "wrist_2_joint": -1.5878008047686976, "wrist_3_joint": 1.4143805503845215, "measured diameter": "0.5", "W1 Diameter": 0.5331255197525024, "W2 Diameter": 0.5035074353218079, "Mean Diameter": 0.5252273678779602, "Median Diameter": 0.5232528448104858, "Contact": "L", "Distance from Tree": "8.5", "Time (s)": 45.73, "Angle Correction": 0.0, "Angle Correction Direction": "CW", "Notes": "N/a"}, "1_2_1": {"elbow_joint": 2.0152462164508265, "shoulder_lift_joint": -0.8571404975703736, "shoulder_pan_joint": -1.6135876814471644, "wrist_1_joint": -4.2457314930357875, "wrist_2_joint": -1.599194351826803, "wrist_3_joint": 1.3789033889770508, "measured diameter": "0.75", "W1 Diameter": 0.7814784049987793, "W2 Diameter": 0.7619414329528809, "Mean Diameter": 0.7892932295799255, "Median Diameter": 0.7912468910217285, "Contact": "L", "Distance from Tree": "8.5", "Time (s)": 47.43, "Angle Correction": 0.0, "Angle Correction Direction": "CW", "Notes": "N/a"}, "1_2_2": {"elbow_joint": 2.0233991781817835, "shoulder_lift_joint": -0.8621345323375245, "shoulder_pan_joint": -1.619324032460348, "wrist_1_joint": -4.251721759835714, "wrist_2_joint": -1.5927966276751917, "wrist_3_joint": 1.3978924751281738, "measured diameter": "0.75", "W1 Diameter": 0.8413329720497131, "W2 Diameter": 0.7736395001411438, "Mean Diameter": 0.8026509881019592, "Median Diameter": 0.7929804921150208, "Contact": "L", "Distance from Tree": "8.5", "Time (s)": 44.63, "Angle Correction": 0.0, "Angle Correction Direction": "CW", "Notes": "N/a"}, "1_2_3": {"elbow_joint": 2.018681351338522, "shoulder_lift_joint": -0.8612341445735474, "shoulder_pan_joint": -1.6202357451068323, "wrist_1_joint": -4.248612543145651, "wrist_2_joint": -1.592712704335348, "wrist_3_joint": 1.42136812210083, "measured diameter": "0.75", "W1 Diameter": 0.8306242227554321, "W2 Diameter": 0.7817639708518982, "Mean Diameter": 0.8130344748497009, "Median Diameter": 0.8208521604537964, "Contact": "L", "Distance from Tree": "8.5", "Time (s)": 45.43, "Angle Correction": 0.0, "Angle Correction Direction": "CW", "Notes": "N/a"}, "1_2_4": {"elbow_joint": 2.0224502722369593, "shoulder_lift_joint": -0.8601536315730591, "shoulder_pan_joint": -1.621460262929098, "wrist_1_joint": -4.252093931237692, "wrist_2_joint": -1.5922454039203089, "wrist_3_joint": 1.460146427154541, "measured diameter": "0.75", "W1 Diameter": 0.8420097827911377, "W2 Diameter": 0.7929606437683105, "Mean Diameter": 0.8256600499153137, "Median Diameter": 0.8338349461555481, "Contact": "L", "Distance from Tree": "7.0", "Time (s)": 41.73, "Angle Correction": 0.0, "Angle Correction Direction": "CW", "Notes": "N/a"}, "1_2_5": {"elbow_joint": 2.0179126898394983, "shoulder_lift_joint": -0.8570563358119507, "shoulder_pan_joint": -1.619324032460348, "wrist_1_joint": -4.2468959293761195, "wrist_2_joint": -1.594222370778219, "wrist_3_joint": 1.4239048957824707, "measured diameter": "0.75", "W1 Diameter": 0.8571409583091736, "W2 Diameter": 0.8155321478843689, "Mean Diameter": 0.8404974341392517, "Median Diameter": 0.8488191962242126, "Contact": "L", "Distance from Tree": "7.0", "Time (s)": 42.13, "Angle Correction": 0.0, "Angle Correction Direction": "CW", "Notes": "N/a"}, "1_2_6": {"elbow_joint": 2.0217064062701624, "shoulder_lift_joint": -0.8576327127269288, "shoulder_pan_joint": -1.621760670338766, "wrist_1_joint": -4.249729057351583, "wrist_2_joint": -1.5918739477740687, "wrist_3_joint": 1.4226608276367188, "measured diameter": "0.75", "W1 Diameter": 0.8679962754249573, "W2 Diameter": 0.8349297642707825, "Mean Diameter": 0.8493964076042175, "Median Diameter": 0.8473297357559204, "Contact": "C", "Distance from Tree": "7.0", "Time (s)": 42.63, "Angle Correction": 0.0, "Angle Correction Direction": "CW", "Notes": "N/a"}, "1_3_1": {"elbow_joint": 2.025884453450338, "shoulder_lift_joint": -0.8586891454509278, "shoulder_pan_joint": -1.611739460621969, "wrist_1_joint": -4.252790113488668, "wrist_2_joint": -1.6012070814715784, "wrist_3_joint": 1.3812966346740723, "measured diameter": "1.0", "W1 Diameter": 1.055835247039795, "W2 Diameter": 1.0071043968200684, "Mean Diameter": 1.0298454761505127, "Median Diameter": 1.023348093032837, "Contact": "L", "Distance from Tree": "7.0", "Time (s)": 43.13, "Angle Correction": 0.0, "Angle Correction Direction": "CW", "Notes": "N/a"}, "1_3_2": {"elbow_joint": 2.0260170141803187, "shoulder_lift_joint": -0.8588091892055054, "shoulder_pan_joint": -1.6141398588763636, "wrist_1_joint": -4.253090282479757, "wrist_2_joint": -1.5989187399493616, "wrist_3_joint": 1.3843955993652344, "measured diameter": "1.0", "W1 Diameter": 1.0644748210906982, "W2 Diameter": 1.0238460302352905, "Mean Diameter": 1.0482233762741089, "Median Diameter": 1.0400975942611694, "Contact": "L", "Distance from Tree": "7.0", "Time (s)": 41.63, "Angle Correction": 0.0, "Angle Correction Direction": "CW", "Notes": "N/a"}, "1_3_3": {"elbow_joint": 2.0241554419146937, "shoulder_lift_joint": -0.8587970298579712, "shoulder_pan_joint": -1.6169961134540003, "wrist_1_joint": -4.251553674737448,