{"1_1_1": {"elbow_joint": 1.7831409613238733, "shoulder_lift_joint": -0.747155026798584, "shoulder_pan_joint": -1.4000018278705042, "wrist_1_joint": -4.048163553277487, "wrist_2_joint": -1.8292720953570765, "wrist_3_joint": 1.191361427307129, "measured diameter": "0.5", "W1 Diameter": 0.5310819745063782, "W2 Diameter": 0.5310819745063782, "Mean Diameter": 0.561429500579834, "Median Diameter": 0.5595327615737915, "Contact": "C", "Distance from Tree": "8.5", "Time (s)": 45.74, "Angle Correction": 0.0, "Angle Correction Direction": "CW", "Notes": "N/a"}, "1_1_2": {"elbow_joint": 1.7816675345050257, "shoulder_lift_joint": -0.7473582786372681, "shoulder_pan_joint": -1.4019988218890589, "wrist_1_joint": -4.047218700448507, "wrist_2_joint": -1.825284783040182, "wrist_3_joint": 1.1785879135131836, "measured diameter": "0.5", "W1 Diameter": 0.49789658188819885, "W2 Diameter": 0.44044697284698486, "Mean Diameter": 0.5109533071517944, "Median Diameter": 0.526621401309967, "Contact": "C", "Distance from Tree": "8.5", "Time (s)": 44.54, "Angle Correction": 0.0, "Angle Correction Direction": "CW", "Notes": "N/a"}, "1_1_3": {"elbow_joint": 1.777172867451803, "shoulder_lift_joint": -0.7433990997127076, "shoulder_pan_joint": -1.3975613752948206, "wrist_1_joint": -4.045233627358908, "wrist_2_joint": -1.8303168455706995, "wrist_3_joint": 1.1800017356872559, "measured diameter": "0.5", "W1 Diameter": 0.5641975998878479, "W2 Diameter": 0.5163842439651489, "Mean Diameter": 0.5614654421806335, "Median Diameter": 0.5641975998878479, "Contact": "C", "Distance from Tree": "8.5", "Time (s)": 45.84, "Angle Correction": 0.0, "Angle Correction Direction": "CW", "Notes": "N/a"}, "1_1_4": {"elbow_joint": 1.779762093220846, "shoulder_lift_joint": -0.7466765207103272, "shoulder_pan_joint": -1.3966715971576136, "wrist_1_joint": -4.046381612817282, "wrist_2_joint": -1.8316863218890589, "wrist_3_joint": 1.1989946365356445, "measured diameter": "0.5", "W1 Diameter": 0.551414966583252, "W2 Diameter": 0.551414966583252, "Mean Diameter": 0.5395989418029785, "Median Diameter": 0.5356602668762207, "Contact": "C", "Distance from Tree": "7.0", "Time (s)": 40.24, "Angle Correction": 0.0, "Angle Correction Direction": "CW", "Notes": "N/a"}, "1_1_5": {"elbow_joint": 1.7809131781207483, "shoulder_lift_joint": -0.7470472616008301, "shoulder_pan_joint": -1.4006512800799769, "wrist_1_joint": -4.047099252740377, "wrist_2_joint": -1.827987019215719, "wrist_3_joint": 1.1827216148376465, "measured diameter": "0.5", "W1 Diameter": 0.5292897820472717, "W2 Diameter": 0.5213899612426758, "Mean Diameter": 0.5419295430183411, "Median Diameter": 0.5450894832611084, "Contact": "C", "Distance from Tree": "7.0", "Time (s)": 41.34, "Angle Correction": 0.0, "Angle Correction Direction": "CW", "Notes": "N/a"}, "1_1_6": {"elbow_joint": 1.7794140020953577, "shoulder_lift_joint": -0.7432196897319336, "shoulder_pan_joint": -1.3974650541888636, "wrist_1_joint": -4.0447193584837855, "wrist_2_joint": -1.829848591481344, "wrist_3_joint": 1.208329200744629, "measured diameter": "0.5", "W1 Diameter": 0.6344240307807922, "W2 Diameter": 0.5551210045814514, "Mean Diameter": 0.6130122542381287, "Median Diameter": 0.614598274230957, "Contact": "L", "Distance from Tree": "7.0", "Time (s)": 40.64, "Angle Correction": 0.0, "Angle Correction Direction": "CW", "Notes": "N/a"}, "1_2_1": {"elbow_joint": 1.7832611242877405, "shoulder_lift_joint": -0.747226671581604, "shoulder_pan_joint": -1.3906710783587855, "wrist_1_joint": -4.048115631143087, "wrist_2_joint": -1.8387959639178675, "wrist_3_joint": 1.1300287246704102, "measured diameter": "0.75", "W1 Diameter": 0.8614636063575745, "W2 Diameter": 0.8040326833724976, "Mean Diameter": 0.8715612888336182, "Median Diameter": 0.8778724074363708, "Contact": "R", "Distance from Tree": "7.0", "Time (s)": 41.44, "Angle Correction": 0.0, "Angle Correction Direction": "CW", "Notes": "N/a"}, "1_2_2": {"elbow_joint": 1.7783954779254358, "shoulder_lift_joint": -0.7462818187526246, "shoulder_pan_joint": -1.3925707975970667, "wrist_1_joint": -4.045616289178366, "wrist_2_joint": -1.833884064351217, "wrist_3_joint": 1.1630101203918457, "measured diameter": "0.75", "W1 Diameter": 0.865857720375061, "W2 Diameter": 0.8242299556732178, "Mean Diameter": 0.8551534414291382, "Median Diameter": 0.8492065668106079, "Contact": "R", "Distance from Tree": "7.0", "Time (s)": 42.54, "Angle Correction": 0.0, "Angle Correction Direction": "CW", "Notes": "N/a"}, "1_2_3": {"elbow_joint": 1.780194107686178, "shoulder_lift_joint": -0.7471788686564942, "shoulder_pan_joint": -1.3966715971576136, "wrist_1_joint": -4.046513219872946, "wrist_2_joint": -1.8309295813189905, "wrist_3_joint": 1.157883644104004, "measured diameter": "0.75", "W1 Diameter": 0.8410789966583252, "W2 Diameter": 0.7911139130592346, "Mean Diameter": 0.8196654319763184, "Median Diameter": 0.8160964250564575, "Contact": "R", "Distance from Tree": "7.0", "Time (s)": 42.04, "Angle Correction": 0.0, "Angle Correction Direction": "CW", "Notes": "N/a"}, "1_2_4": {"elbow_joint": 1.779990021382467, "shoulder_lift_joint": -0.7478606265834351, "shoulder_pan_joint": -1.396707836781637, "wrist_1_joint": -4.046584983865255, "wrist_2_joint": -1.8313382307635706, "wrist_3_joint": 1.1776652336120605, "measured diameter": "0.75", "W1 Diameter": 0.8001588582992554, "W2 Diameter": 0.7904008030891418, "Mean Diameter": 0.8196749091148376, "Median Diameter": 0.8099168539047241, "Contact": "R", "Distance from Tree": "8.5", "Time (s)": 44.74, "Angle Correction": 0.0, "Angle Correction Direction": "CW", "Notes": "N/a"}, "1_2_5": {"elbow_joint": 1.7840164343463343, "shoulder_lift_joint": -0.747334436779358, "shoulder_pan_joint": -1.4010117689715784, "wrist_1_joint": -4.0494190655150355, "wrist_2_joint": -1.8258493582354944, "wrist_3_joint": 1.1902828216552734, "measured diameter": "0.75", "W1 Diameter": 0.8093030452728271, "W2 Diameter": 0.7410485744476318, "Mean Diameter": 0.7800511121749878, "Median Diameter": 0.7703005075454712, "Contact": "R", "Distance from Tree": "8.5", "Time (s)": 44.34, "Angle Correction": 0.0, "Angle Correction Direction": "CW", "Notes": "N/a"}, "1_2_6": {"elbow_joint": 1.7801216284381312, "shoulder_lift_joint": -0.750731424694397, "shoulder_pan_joint": -1.3976452986346644, "wrist_1_joint": -4.047242780724996, "wrist_2_joint": -1.829320255910055, "wrist_3_joint": 1.184147834777832, "measured diameter": "0.75", "W1 Diameter": 0.809627115726471, "W2 Diameter": 0.7901180386543274, "Mean Diameter": 0.8174307942390442, "Median Diameter": 0.809627115726471, "Contact": "R", "Distance from Tree": "8.5", "Time (s)": 44.74, "Angle Correction": 0.0, "Angle Correction Direction": "CW", "Notes": "N/a"}, "1_3_1": {"elbow_joint": 1.8261001745807093, "shoulder_lift_joint": -0.7693907779506226, "shoulder_pan_joint": -1.4058221022235315, "wrist_1_joint": -4.071399827996725, "wrist_2_joint": -1.82227069536318, "wrist_3_joint": 1.2430896759033203, "measured diameter": "1.00", "W1 Diameter": 1.0288513898849487, "W2 Diameter": 1.0191452503204346, "Mean Diameter": 1.060396432876587, "Median Diameter": 1.0579699277877808, "Contact": "R", "Distance from Tree": "8.5", "Time (s)": 42.64, "Angle Correction": 0.0, "Angle Correction Direction": "CW", "Notes": "N/a"}, "1_3_2": {"elbow_joint": 1.820446793233053, "shoulder_lift_joint": -0.7655154031566163, "shoulder_pan_joint": -1.4035618940936487, "wrist_1_joint": -4.0691873035826625, "wrist_2_joint": -1.825068775807516, "wrist_3_joint": 1.2710061073303223, "measured diameter": "1.00", "W1 Diameter": 1.032230257987976, "W2 Diameter": 1.032230257987976, "Mean Diameter": 1.0692347288131714, "Median Diameter": 1.0809203386306763, "Contact": "R", "Distance from Tree": "8.5", "Time (s)": 43.94, "Angle Correction": 0.0, "Angle Correction Direction": "CW", "Notes": "N/a"}, "1_3_3": {"elbow_joint": 1.8165653387652796, "shoulder_lift_joint": -0.7655033630183716, "shoulder_pan_joint": -1.407144848500387, "wrist_1_joint": -4.067130466500753,