{"1_1_1": {"elbow_joint": 1.9291675726519983, "shoulder_lift_joint": -0.8217604917338868, "shoulder_pan_joint": -1.6568501631366175, "wrist_1_joint": -4.193708320657247, "wrist_2_joint": -1.558807675038473, "wrist_3_joint": 1.716348648071289, "measured diameter": "1.25", "W1 Diameter": 1.3120731115341187, "W2 Diameter": 1.2929188013076782, "Mean Diameter": 1.3312275409698486, "Median Diameter": 1.3216503858566284, "Contact": "L", "Distance from Tree": "8.5", "Time (s)": 44.01, "Angle Correction": 0.0, "Angle Correction Direction": "CW", "Notes": "N/a"}, "1_1_2": {"elbow_joint": 1.921429459248678, "shoulder_lift_joint": -0.8198120158961792, "shoulder_pan_joint": -1.6584580580340784, "wrist_1_joint": -4.18980135540151, "wrist_2_joint": -1.5568068663226526, "wrist_3_joint": 1.7766098976135254, "measured diameter": "1.25", "W1 Diameter": 1.322218418121338, "W2 Diameter": 1.322218418121338, "Mean Diameter": 1.346346378326416, "Median Diameter": 1.346346378326416, "Contact": "L", "Distance from Tree": "8.5", "Time (s)": 44.11, "Angle Correction": 0.0, "Angle Correction Direction": "CW", "Notes": "N/a"}, "1_1_3": {"elbow_joint": 1.9156912008868616, "shoulder_lift_joint": -0.8157598537257691, "shoulder_pan_joint": -1.661762539540426, "wrist_1_joint": -4.186481853524679, "wrist_2_joint": -1.5543573538409632, "wrist_3_joint": 1.734262466430664, "measured diameter": "1.25", "W1 Diameter": 1.3347249031066895, "W2 Diameter": 1.3152397871017456, "Mean Diameter": 1.3556016683578491, "Median Diameter": 1.3542098999023438, "Contact": "L", "Distance from Tree": "8.5", "Time (s)": 43.11, "Angle Correction": 0.0, "Angle Correction Direction": "CW", "Notes": "N/a"}, "1_1_4": {"elbow_joint": 1.913128677998678, "shoulder_lift_joint": -0.8128550809672852, "shoulder_pan_joint": -1.6630356947528284, "wrist_1_joint": -4.1834498844542445, "wrist_2_joint": -1.5525925795184534, "wrist_3_joint": 1.794135570526123, "measured diameter": "1.25", "W1 Diameter": 1.3290410041809082, "W2 Diameter": 1.3290410041809082, "Mean Diameter": 1.3542063236236572, "Median Diameter": 1.3526334762573242, "Contact": "L", "Distance from Tree": "7.0", "Time (s)": 39.41, "Angle Correction": 0.0, "Angle Correction Direction": "CW", "Notes": "N/a"}, "1_1_5": {"elbow_joint": 1.9149254004107874, "shoulder_lift_joint": -0.8144210141948243, "shoulder_pan_joint": -1.6635039488421839, "wrist_1_joint": -4.182982584039205, "wrist_2_joint": -1.550478760396139, "wrist_3_joint": 1.8319153785705566, "measured diameter": "1.25", "W1 Diameter": 1.3865801095962524, "W2 Diameter": 1.3393102884292603, "Mean Diameter": 1.3609756231307983, "Median Diameter": 1.3590060472488403, "Contact": "L", "Distance from Tree": "7.0", "Time (s)": 38.81, "Angle Correction": 0.0, "Angle Correction Direction": "CW", "Notes": "N/a"}, "1_1_6": {"elbow_joint": 1.916410271321432, "shoulder_lift_joint": -0.815293626194336, "shoulder_pan_joint": -1.6667245070086878, "wrist_1_joint": -4.185655017892355, "wrist_2_joint": -1.548197094594137, "wrist_3_joint": 1.8400630950927734, "measured diameter": "1.25", "W1 Diameter": 1.3709075450897217, "W2 Diameter": 1.3239049911499023, "Mean Diameter": 1.3536733388900757, "Median Diameter": 1.3630738258361816, "Contact": "L", "Distance from Tree": "7.0", "Time (s)": 40.21, "Angle Correction": 0.0, "Angle Correction Direction": "CW", "Notes": "N/a"}, "1_2_1": {"elbow_joint": 1.9635570685016077, "shoulder_lift_joint": -0.8351006072810669, "shoulder_pan_joint": -1.664321247731344, "wrist_1_joint": -4.213259597817892, "wrist_2_joint": -1.5521119276629847, "wrist_3_joint": 1.8080825805664062, "measured diameter": "1.00", "W1 Diameter": 1.0740680694580078, "W2 Diameter": 1.0582729578018188, "Mean Diameter": 1.0756475925445557, "Median Diameter": 1.0740680694580078, "Contact": "L", "Distance from Tree": "7.0", "Time (s)": 41.31, "Angle Correction": 0.0, "Angle Correction Direction": "CW", "Notes": "N/a"}, "1_2_2": {"elbow_joint": 1.9567487875567835, "shoulder_lift_joint": -0.8328653138927002, "shoulder_pan_joint": -1.6604169050799769, "wrist_1_joint": -4.20955028156423, "wrist_2_joint": -1.5538409391986292, "wrist_3_joint": 1.7998628616333008, "measured diameter": "1.00", "W1 Diameter": 1.0878593921661377, "W2 Diameter": 1.0718613862991333, "Mean Diameter": 1.0830599069595337, "Median Diameter": 1.0878593921661377, "Contact": "L", "Distance from Tree": "7.0", "Time (s)": 41.11, "Angle Correction": 0.0, "Angle Correction Direction": "CW", "Notes": "N/a"}, "1_2_3": {"elbow_joint": 1.958681885396139, "shoulder_lift_joint": -0.8337380451015015, "shoulder_pan_joint": -1.6632521788226526, "wrist_1_joint": -4.211807151834005, "wrist_2_joint": -1.5520637671100062, "wrist_3_joint": 1.7821083068847656, "measured diameter": "1.00", "W1 Diameter": 1.0684329271316528, "W2 Diameter": 1.0684329271316528, "Mean Diameter": 1.0903598070144653, "Median Diameter": 1.0843796730041504, "Contact": "L", "Distance from Tree": "7.0", "Time (s)": 39.51, "Angle Correction": 0.0, "Angle Correction Direction": "CW", "Notes": "N/a"}, "1_2_4": {"elbow_joint": 1.9570491949664515, "shoulder_lift_joint": -0.8366306585124512, "shoulder_pan_joint": -1.6627715269671839, "wrist_1_joint": -4.211026807824606, "wrist_2_joint": -1.5533965269671839, "wrist_3_joint": 1.7995991706848145, "measured diameter": "1.00", "W1 Diameter": 1.043235421180725, "W2 Diameter": 1.0137099027633667, "Mean Diameter": 1.0452038049697876, "Median Diameter": 1.043235421180725, "Contact": "L", "Distance from Tree": "8.5", "Time (s)": 44.41, "Angle Correction": 0.0, "Angle Correction Direction": "CW", "Notes": "N/a"}, "1_2_5": {"elbow_joint": 1.9599550406085413, "shoulder_lift_joint": -0.8382445138743897, "shoulder_pan_joint": -1.6659796873675745, "wrist_1_joint": -4.21312751392507, "wrist_2_joint": -1.5500224272357386, "wrist_3_joint": 1.7671456336975098, "measured diameter": "1.00", "W1 Diameter": 1.06894052028656, "W2 Diameter": 1.0199066400527954, "Mean Diameter": 1.063056468963623, "Median Diameter": 1.06894052028656, "Contact": "L", "Distance from Tree": "8.5", "Time (s)": 45.21, "Angle Correction": 0.0, "Angle Correction Direction": "CW", "Notes": "N/a"}, "1_2_6": {"elbow_joint": 1.9611318747149866, "shoulder_lift_joint": -0.8364753288081666, "shoulder_pan_joint": -1.6620619932757776, "wrist_1_joint": -4.213451763192648, "wrist_2_joint": -1.5534566084491175, "wrist_3_joint": 1.7578978538513184, "measured diameter": "1.00", "W1 Diameter": 1.0675263404846191, "W2 Diameter": 0.9891757965087891, "Mean Diameter": 1.0244334936141968, "Median Diameter": 1.0185573101043701, "Contact": "L", "Distance from Tree": "8.5", "Time (s)": 44.71, "Angle Correction": 0.0, "Angle Correction Direction": "CW", "Notes": "N/a"}, "1_3_1": {"elbow_joint": 1.954275910054342, "shoulder_lift_joint": -0.8327099841884156, "shoulder_pan_joint": -1.6608126799212855, "wrist_1_joint": -4.207833667794699, "wrist_2_joint": -1.5559542814837855, "wrist_3_joint": 1.7615394592285156, "measured diameter": "0.75", "W1 Diameter": 0.8305979371070862, "W2 Diameter": 0.7823073267936707, "Mean Diameter": 0.815144956111908, "Median Diameter": 0.8209397792816162, "Contact": "L", "Distance from Tree": "8.5", "Time (s)": 43.91, "Angle Correction": 0.0, "Angle Correction Direction": "CW", "Notes": "N/a"}, "1_3_2": {"elbow_joint": 1.9544675985919397, "shoulder_lift_joint": -0.8323872846416016, "shoulder_pan_joint": -1.6622183958636683, "wrist_1_joint": -4.208181758920187, "wrist_2_joint": -1.5537808577166956, "wrist_3_joint": 1.7517762184143066, "measured diameter": "0.75", "W1 Diameter": 0.8014729022979736, "W2 Diameter": 0.7821602821350098, "Mean Diameter": 0.8038869500160217, "Median Diameter": 0.7966447472572327, "Contact": "L", "Distance from Tree": "8.5", "Time (s)": 43.41, "Angle Correction": 0.0, "Angle Correction Direction": "CW", "Notes": "N/a"}, "1_3_3": {"elbow_joint": 1.9549244085894983, "shoulder_lift_joint": -0.8341682714274903, "shoulder_pan_joint": -1.6618579069720667, "wrist_1_joint": -4.208157678643698,