{"3_1_1": {"elbow_joint": 2.160982910786764, "shoulder_lift_joint": -0.9108502429774781, "shoulder_pan_joint": -2.018052403126852, "wrist_1_joint": -4.334414382974142, "wrist_2_joint": -1.2068875471698206, "wrist_3_joint": 1.780778408050537, "measured diameter": "1.25", "W1 Diameter": 1.3035955429077148, "W2 Diameter": 1.3035955429077148, "Mean Diameter": 1.3359830379486084, "Median Diameter": 1.3440799713134766, "Contact": "L", "Distance from Tree": "7.0", "Time (s)": 44.97, "Angle Correction": 0.0, "Angle Correction Direction": "CW", "Notes": "N/a"}, "3_1_2": {"elbow_joint": 2.155855957661764, "shoulder_lift_joint": -0.9093377155116578, "shoulder_pan_joint": -2.0173924604998987, "wrist_1_joint": -4.3322230778136195, "wrist_2_joint": -1.2077143828021448, "wrist_3_joint": 1.7878823280334473, "measured diameter": "1.25", "W1 Diameter": 1.3708348274230957, "W2 Diameter": 1.3218765258789062, "Mean Diameter": 1.3430918455123901, "Median Diameter": 1.3545154333114624, "Contact": "L", "Distance from Tree": "7.0", "Time (s)": 41.67, "Angle Correction": 0.0, "Angle Correction Direction": "CW", "Notes": "N/a"}, "3_1_3": {"elbow_joint": 2.1599395910846155, "shoulder_lift_joint": -0.9106702369502564, "shoulder_pan_joint": -2.0199101606952112, "wrist_1_joint": -4.334198852578634, "wrist_2_joint": -1.2072590033160608, "wrist_3_joint": 1.7970709800720215, "measured diameter": "1.25", "W1 Diameter": 1.3460406064987183, "W2 Diameter": 1.3460406064987183, "Mean Diameter": 1.349284052848816, "Median Diameter": 1.3541492223739624, "Contact": "L", "Distance from Tree": "7.0", "Time (s)": 41.87, "Angle Correction": 0.0, "Angle Correction Direction": "CW", "Notes": "N/a"}, "3_1_4": {"elbow_joint": 2.1571500937091272, "shoulder_lift_joint": -0.9107061189464112, "shoulder_pan_joint": -2.0192626158343714, "wrist_1_joint": -4.332151075402731, "wrist_2_joint": -1.2053898016559046, "wrist_3_joint": 1.7834982872009277, "measured diameter": "1.25", "W1 Diameter": 1.3264038562774658, "W2 Diameter": 1.2571141719818115, "Mean Diameter": 1.3046271800994873, "Median Diameter": 1.3165053129196167, "Contact": "L", "Distance from Tree": "8.5", "Time (s)": 44.87, "Angle Correction": 0.0, "Angle Correction Direction": "CW", "Notes": "N/a"}, "3_1_5": {"elbow_joint": 2.157844368611471, "shoulder_lift_joint": -0.9129150670817872, "shoulder_pan_joint": -2.017200771962301, "wrist_1_joint": -4.332151075402731, "wrist_2_joint": -1.2084930578814905, "wrist_3_joint": 1.8045358657836914, "measured diameter": "1.25", "W1 Diameter": 1.26685631275177, "W2 Diameter": 1.26685631275177, "Mean Diameter": 1.3039711713790894, "Median Diameter": 1.3064454793930054, "Contact": "L", "Distance from Tree": "8.5", "Time (s)": 49.97, "Angle Correction": 0.0, "Angle Correction Direction": "CW", "Notes": "N/a"}, "3_1_6": {"elbow_joint": 2.1641319433795374, "shoulder_lift_joint": -0.9149429363063355, "shoulder_pan_joint": -2.0252822081195276, "wrist_1_joint": -4.3376716576018275, "wrist_2_joint": -1.200369660054342, "wrist_3_joint": 1.740671157836914, "measured diameter": "1.25", "W1 Diameter": 1.2691528797149658, "W2 Diameter": 1.259390115737915, "Mean Diameter": 1.29063081741333, "Median Diameter": 1.278915524482727, "Contact": "L", "Distance from Tree": "8.5", "Time (s)": 44.47, "Angle Correction": 0.0, "Angle Correction Direction": "CW", "Notes": "N/a"}, "3_2_1": {"elbow_joint": 2.1672332922564905, "shoulder_lift_joint": -0.9154221576503296, "shoulder_pan_joint": -2.0363181273089808, "wrist_1_joint": -4.3382703266539515, "wrist_2_joint": -1.1900180021869105, "wrist_3_joint": 1.7927460670471191, "measured diameter": "1.00", "W1 Diameter": 1.089485764503479, "W2 Diameter": 1.0116653442382812, "Mean Diameter": 1.0408480167388916, "Median Diameter": 1.0311205387115479, "Contact": "L", "Distance from Tree": "8.5", "Time (s)": 44.27, "Angle Correction": 0.0, "Angle Correction Direction": "CW", "Notes": "N/a"}, "3_2_2": {"elbow_joint": 2.1706703344928187, "shoulder_lift_joint": -0.9156139653972168, "shoulder_pan_joint": -2.0395472685443323, "wrist_1_joint": -4.340354105035299, "wrist_2_joint": -1.1864717642413538, "wrist_3_joint": 1.774585247039795, "measured diameter": "1.00", "W1 Diameter": 1.0260307788848877, "W2 Diameter": 1.0066717863082886, "Mean Diameter": 1.029902696609497, "Median Diameter": 1.0260307788848877, "Contact": "L", "Distance from Tree": "8.5", "Time (s)": 44.07, "Angle Correction": 0.0, "Angle Correction Direction": "CW", "Notes": "N/a"}, "3_2_3": {"elbow_joint": 2.1633289496051233, "shoulder_lift_joint": -0.9144637149623414, "shoulder_pan_joint": -2.0349257628070276, "wrist_1_joint": -4.336462160150045, "wrist_2_joint": -1.1908209959613245, "wrist_3_joint": 1.794471263885498, "measured diameter": "1.00", "W1 Diameter": 1.0931670665740967, "W2 Diameter": 1.01508367061615, "Mean Diameter": 1.0482691526412964, "Median Diameter": 1.034604549407959, "Contact": "L", "Distance from Tree": "8.5", "Time (s)": 44.67, "Angle Correction": 0.0, "Angle Correction Direction": "CW", "Notes": "N/a"}, "3_2_4": {"elbow_joint": 2.158299271260397, "shoulder_lift_joint": -0.9097817701152344, "shoulder_pan_joint": -2.0316136519061487, "wrist_1_joint": -4.3336481056609095, "wrist_2_joint": -1.1930373350726526, "wrist_3_joint": 1.7666068077087402, "measured diameter": "1.00", "W1 Diameter": 1.0837796926498413, "W2 Diameter": 1.0671061277389526, "Mean Diameter": 1.1054552793502808, "Median Diameter": 1.117126703262329, "Contact": "L", "Distance from Tree": "7.0", "Time (s)": 41.87, "Angle Correction": 0.0, "Angle Correction Direction": "CW", "Notes": "N/a"}, "3_2_5": {"elbow_joint": 2.161845032368795, "shoulder_lift_joint": -0.9112584155849, "shoulder_pan_joint": -2.032718006764547, "wrist_1_joint": -4.3351808987059535, "wrist_2_joint": -1.1924741903888147, "wrist_3_joint": 1.7960047721862793, "measured diameter": "1.00", "W1 Diameter": 1.1249070167541504, "W2 Diameter": 1.0587360858917236, "Mean Diameter": 1.091821551322937, "Median Diameter": 1.0835500955581665, "Contact": "L", "Distance from Tree": "7.0", "Time (s)": 40.17, "Angle Correction": 0.0, "Angle Correction Direction": "CW", "Notes": "N/a"}, "3_2_6": {"elbow_joint": 3.1625030676471155, "shoulder_lift_joint": 0.0878651577183227, "shoulder_pan_joint": -1.0314696470843714, "wrist_1_joint": -3.335121055642599, "wrist_2_joint": -0.19481069246401006, "wrist_3_joint": 2.7951183319091797, "measured diameter": "1.00", "W1 Diameter": 1.1083874702453613, "W2 Diameter": 1.0670297145843506, "Mean Diameter": 1.0918443202972412, "Median Diameter": 1.0918443202972412, "Contact": "L", "Distance from Tree": "7.0", "Time (s)": 40.17, "Angle Correction": 0.0, "Angle Correction Direction": "CW", "Notes": "N/a"}, "3_3_1": {"elbow_joint": 2.1457489172564905, "shoulder_lift_joint": -0.9048598569682618, "shoulder_pan_joint": -2.0209296385394495, "wrist_1_joint": -4.32495441059255, "wrist_2_joint": -1.2052581946002405, "wrist_3_joint": 1.7676730155944824, "measured diameter": "0.75", "W1 Diameter": 0.8529322147369385, "W2 Diameter": 0.8285626769065857, "Mean Diameter": 0.8564135432243347, "Median Diameter": 0.8529322147369385, "Contact": "L", "Distance from Tree": "7.0", "Time (s)": 40.87, "Angle Correction": 0.0, "Angle Correction Direction": "CW", "Notes": "N/a"}, "3_3_2": {"elbow_joint": 3.1452940146075647, "shoulder_lift_joint": 0.09613649427380366, "shoulder_pan_joint": -1.0163005034076136, "wrist_1_joint": -3.3249782524504603, "wrist_2_joint": -0.2094515005694788, "wrist_3_joint": 2.789475917816162, "measured diameter": "0.75", "W1 Diameter": 0.8525739312171936, "W2 Diameter": 0.8363344073295593, "Mean Diameter": 0.8552805185317993, "Median Diameter": 0.8444541692733765, "Contact": "L", "Distance from Tree": "7.0", "Time (s)": 41.47, "Angle Correction": 0.0, "Angle Correction Direction": "CW", "Notes": "N/a"}, "3_3_3": {"elbow_joint": 2.1418569723712366, "shoulder_lift_joint": -0.9032271665385743, "shoulder_pan_joint": -2.017284695302145, "wrist_1_joint": -4.3230983219542445,