{"1_1_1": {"elbow_joint": 1.548331085835592, "shoulder_lift_joint": -1.5531070989421387, "shoulder_pan_joint": -2.6054254213916224, "wrist_1_joint": -3.1328283749022425, "wrist_2_joint": -0.6242473761187952, "wrist_3_joint": 1.7413783073425293, "measured diameter": "2.8", "W1 Diameter": 2.778189182281494, "W2 Diameter": 2.656959056854248, "Mean Diameter": 2.720099687576294, "Median Diameter": 2.763035297393799, "Contact": "N/a", "Distance from Tree": "N/a", "Time (s)": 54.02, "Angle Correction": 0.0, "Angle Correction Direction": "CW", "Notes": "first trunk"}, "1_2_1": {"elbow_joint": 1.889519516621725, "shoulder_lift_joint": -1.761634965936178, "shoulder_pan_joint": -2.112847630177633, "wrist_1_joint": -3.2642866573729457, "wrist_2_joint": -1.1151841322528284, "wrist_3_joint": -0.7768619696246546, "measured diameter": "0.65", "W1 Diameter": 0.7211608290672302, "W2 Diameter": 0.6741285920143127, "Mean Diameter": 0.7218734622001648, "Median Diameter": 0.7211608290672302, "Contact": "N/a", "Distance from Tree": "N/a", "Time (s)": 45.07, "Angle Correction": 0.0, "Angle Correction Direction": "CW", "Notes": "One fail before with optical flow "}, "1_2_2": {"elbow_joint": 1.658149544392721, "shoulder_lift_joint": -1.444973186855652, "shoulder_pan_joint": -1.199366871510641, "wrist_1_joint": -3.353220602075094, "wrist_2_joint": -2.0300658384906214, "wrist_3_joint": 0.1121673583984375, "measured diameter": "0.7", "W1 Diameter": 1.289220929145813, "W2 Diameter": 1.2557346820831299, "Mean Diameter": 1.210814118385315, "Median Diameter": 1.2808494567871094, "Contact": "N/a", "Distance from Tree": "N/a", "Time (s)": 40.47, "Angle Correction": 0.0, "Angle Correction Direction": "CW", "Notes": "another branch really close "}, "1_3_1": {"elbow_joint": 1.6920231024371546, "shoulder_lift_joint": -0.5861831468394776, "shoulder_pan_joint": -1.290644947682516, "wrist_1_joint": -4.2456354103484095, "wrist_2_joint": -1.9371088186847132, "wrist_3_joint": 0.1298811435699463, "measured diameter": "0.90", "W1 Diameter": 1.0897072553634644, "W2 Diameter": 0.9601616263389587, "Mean Diameter": 1.0093473196029663, "Median Diameter": 1.0058835744857788, "Contact": "N/a", "Distance from Tree": "N/a", "Time (s)": 40.04, "Angle Correction": 0.0, "Angle Correction Direction": "CW", "Notes": "There is a wire in front of the branch"}, "1_3_2": {"elbow_joint": 1.7032325903521937, "shoulder_lift_joint": -0.6090341371348877, "shoulder_pan_joint": -1.286889378224508, "wrist_1_joint": -4.235587736169332, "wrist_2_joint": -1.939392391835348, "wrist_3_joint": 0.38605833053588867, "measured diameter": "0.90", "W1 Diameter": 1.1644237041473389, "W2 Diameter": 0.9615886807441711, "Mean Diameter": 1.1580243110656738, "Median Diameter": 1.104324460029602, "Contact": "N/a", "Distance from Tree": "N/a", "Time (s)": 36.34, "Angle Correction": 0.0, "Angle Correction Direction": "CW", "Notes": "Sam place "}, "1_3_3": {"elbow_joint": 1.7016304175006312, "shoulder_lift_joint": -0.6018298429301758, "shoulder_pan_joint": -1.2915204207049769, "wrist_1_joint": -4.237664600411886, "wrist_2_joint": -1.9373491446124476, "wrist_3_joint": 0.06314730644226074, "measured diameter": "0.90", "W1 Diameter": 1.0049233436584473, "W2 Diameter": 0.9293651580810547, "Mean Diameter": 1.0114487409591675, "Median Diameter": 0.9860337972640991, "Contact": "N/a", "Distance from Tree": "N/a", "Time (s)": 37.54, "Angle Correction": 0.0, "Angle Correction Direction": "CW", "Notes": ""}}