{"1_1_1": {"elbow_joint": 1.4976337591754358, "shoulder_lift_joint": -0.8558439773372193, "shoulder_pan_joint": -2.1037963072406214, "wrist_1_joint": -3.7975007496275843, "wrist_2_joint": -1.1224482695208948, "wrist_3_joint": 1.3730759620666504, "measured diameter": "0.78", "W1 Diameter": 1.3237584829330444, "W2 Diameter": 0.8121217489242554, "Mean Diameter": 1.4711662530899048, "Median Diameter": 1.1532129049301147, "Contact": "N/a", "Distance from Tree": "N/a", "Time (s)": 44.55, "Angle Correction": 0.0, "Angle Correction Direction": "CW", "Notes": "N/a"}, "1_1_2": {"elbow_joint": 1.7284515539752405, "shoulder_lift_joint": -1.251949982052185, "shoulder_pan_joint": -2.1194985548602503, "wrist_1_joint": -3.6338120899596156, "wrist_2_joint": -1.1049492994891565, "wrist_3_joint": 1.4161872863769531, "measured diameter": "0.75", "W1 Diameter": 0.3266499936580658, "W2 Diameter": 0.3266499936580658, "Mean Diameter": 0.494980126619339, "Median Diameter": 0.4899750053882599, "Contact": "N/a", "Distance from Tree": "N/a", "Time (s)": 42.45, "Angle Correction": 0.0, "Angle Correction Direction": "CW", "Notes": "N/a"}, "1_1_3": {"elbow_joint": 1.737053696309225, "shoulder_lift_joint": -1.559692458515503, "shoulder_pan_joint": -2.1721556822406214, "wrist_1_joint": -3.333820959130758, "wrist_2_joint": -1.0530131498919886, "wrist_3_joint": 1.544156551361084, "measured diameter": "0.65", "W1 Diameter": 0.710193395614624, "W2 Diameter": 0.6470650434494019, "Mean Diameter": 0.8093047738075256, "Median Diameter": 0.7417575120925903, "Contact": "N/a", "Distance from Tree": "N/a", "Time (s)": 43.17, "Angle Correction": 0.0, "Angle Correction Direction": "CW", "Notes": "N/a"}, "1_1_4": {"elbow_joint": 1.3870285193072718, "shoulder_lift_joint": -1.547170714741089, "shoulder_pan_joint": -2.256834332142965, "wrist_1_joint": -3.001273294488424, "wrist_2_joint": -0.9703429380999964, "wrist_3_joint": 1.8010849952697754, "measured diameter": "0.6", "W1 Diameter": 0.7119758129119873, "W2 Diameter": 0.6565998792648315, "Mean Diameter": 0.8829271793365479, "Median Diameter": 0.8306384086608887, "Contact": "N/a", "Distance from Tree": "N/a", "Time (s)": 41.57, "Angle Correction": 0.0, "Angle Correction Direction": "CW", "Notes": "N/a"}, "1_2_1": {"elbow_joint": 1.5002401510821741, "shoulder_lift_joint": -0.8175290387919922, "shoulder_pan_joint": -1.8722155729876917, "wrist_1_joint": -3.835325857202047, "wrist_2_joint": -1.354605499898092, "wrist_3_joint": 1.567488193511963, "measured diameter": "0.56", "W1 Diameter": 0.0, "W2 Diameter": 0.0, "Mean Diameter": 0.9210713505744934, "Median Diameter": 0.7699223160743713, "Contact": "N/a", "Distance from Tree": "N/a", "Time (s)": 46.21, "Angle Correction": 0.0, "Angle Correction Direction": "CW", "Notes": "N/a"}, "1_2_2": {"elbow_joint": 1.6173198858844202, "shoulder_lift_joint": -1.1294495624354859, "shoulder_pan_joint": -1.9022067228900355, "wrist_1_joint": -3.641637464562887, "wrist_2_joint": -1.3219459692584437, "wrist_3_joint": 1.5011892318725586, "measured diameter": "0.47", "W1 Diameter": 0.0, "W2 Diameter": 0.0, "Mean Diameter": 0.5591036677360535, "Median Diameter": 0.5221623778343201, "Contact": "N/a", "Distance from Tree": "N/a", "Time (s)": 72.81, "Angle Correction": 0.0, "Angle Correction Direction": "CW", "Notes": "N/a"}, "1_2_4": {"elbow_joint": 1.8362835089312952, "shoulder_lift_joint": -1.7305437527098597, "shoulder_pan_joint": -2.3285179773913782, "wrist_1_joint": -3.188441892663473, "wrist_2_joint": -0.44374162355531865, "wrist_3_joint": 1.5779976844787598, "measured diameter": "0.69", "W1 Diameter": 0.0, "W2 Diameter": 0.0, "Mean Diameter": 0.5591036677360535, "Median Diameter": 0.5221623778343201, "Contact": "N/a", "Distance from Tree": "N/a", "Time (s)": 72.81, "Angle Correction": 0.0, "Angle Correction Direction": "CW", "Notes": "N/a"}}