{"8_1_1": {"elbow_joint": 2.126216713582174, "shoulder_lift_joint": -0.9049438995173951, "shoulder_pan_joint": -1.6818144957171839, "wrist_1_joint": -4.315087696115011, "wrist_2_joint": -1.5346162954913538, "wrist_3_joint": 1.640035629272461, "measured diameter": "0.5", "W1 Diameter": 0.5329461097717285, "W2 Diameter": 0.5329461097717285, "Mean Diameter": 0.5591834187507629, "Median Diameter": 0.5657427906990051, "Contact": "L", "Distance from Tree": "7.0", "Time (s)": 48.57, "Angle Correction": 0.0, "Angle Correction Direction": "CW", "Notes": "N/a"}, "8_1_2": {"elbow_joint": 2.1325157324420374, "shoulder_lift_joint": -0.9031791251948853, "shoulder_pan_joint": -1.6857789198504847, "wrist_1_joint": -4.312920232812399, "wrist_2_joint": -1.529332462941305, "wrist_3_joint": 1.818495273590088, "measured diameter": "0.5", "W1 Diameter": 0.532218873500824, "W2 Diameter": 0.532218873500824, "Mean Diameter": 0.5458654761314392, "Median Diameter": 0.5485948324203491, "Contact": "L", "Distance from Tree": "7.0", "Time (s)": 39.77, "Angle Correction": 0.0, "Angle Correction Direction": "CW", "Notes": "N/a"}, "8_1_3": {"elbow_joint": 2.1292102972613733, "shoulder_lift_joint": -0.9032631677440186, "shoulder_pan_joint": -1.6866324583636683, "wrist_1_joint": -4.3126448593535365, "wrist_2_joint": -1.5289366880999964, "wrist_3_joint": 1.8259119987487793, "measured diameter": "0.5", "W1 Diameter": 0.5581187605857849, "W2 Diameter": 0.5170806646347046, "Mean Diameter": 0.5499111413955688, "Median Diameter": 0.5581187605857849, "Contact": "L", "Distance from Tree": "7.0", "Time (s)": 40.37, "Angle Correction": 0.0, "Angle Correction Direction": "CW", "Notes": "N/a"}, "8_1_4": {"elbow_joint": 2.1411264578448694, "shoulder_lift_joint": -0.9112224143794556, "shoulder_pan_joint": -1.7012656370746058, "wrist_1_joint": -4.318428417245382, "wrist_2_joint": -1.5150311628924769, "wrist_3_joint": 1.9653949737548828, "measured diameter": "0.5", "W1 Diameter": 0.5296799540519714, "W2 Diameter": 0.46226614713668823, "Mean Diameter": 0.5381066799163818, "Median Diameter": 0.5537562966346741, "Contact": "C", "Distance from Tree": "8.5", "Time (s)": 44.27, "Angle Correction": 0.0, "Angle Correction Direction": "CW", "Notes": "N/a"}, "8_1_5": {"elbow_joint": 2.135641876851217, "shoulder_lift_joint": -0.9098658126643677, "shoulder_pan_joint": -1.6994994322406214, "wrist_1_joint": -4.31574620823049, "wrist_2_joint": -1.5181172529803675, "wrist_3_joint": 1.9651789665222168, "measured diameter": "0.5", "W1 Diameter": 0.6088970899581909, "W2 Diameter": 0.5219117999076843, "Mean Diameter": 0.5674754977226257, "Median Diameter": 0.5702369213104248, "Contact": "C", "Distance from Tree": "8.5", "Time (s)": 42.87, "Angle Correction": 0.0, "Angle Correction Direction": "CW", "Notes": "N/a"}, "8_1_6": {"elbow_joint": 2.134731117879049, "shoulder_lift_joint": -0.9092776340297242, "shoulder_pan_joint": -1.697829548512594, "wrist_1_joint": -4.313854356805319, "wrist_2_joint": -1.5187175909625452, "wrist_3_joint": 1.9711694717407227, "measured diameter": "0.5", "W1 Diameter": 0.544090986251831, "W2 Diameter": 0.5246591567993164, "Mean Diameter": 0.562134861946106, "Median Diameter": 0.5635228157043457, "Contact": "C", "Distance from Tree": "8.5", "Time (s)": 43.27, "Angle Correction": 0.0, "Angle Correction Direction": "CW", "Notes": "N/a"}, "8_2_1": {"elbow_joint": 2.1261451880084437, "shoulder_lift_joint": -0.9046437305263062, "shoulder_pan_joint": -1.6748698393451136, "wrist_1_joint": -4.310776849786276, "wrist_2_joint": -1.5406563917743128, "wrist_3_joint": 1.756472110748291, "measured diameter": "0.75", "W1 Diameter": 0.8015188574790955, "W2 Diameter": 0.7914998531341553, "Mean Diameter": 0.796509325504303, "Median Diameter": 0.796509325504303, "Contact": "L", "Distance from Tree": "8.5", "Time (s)": 44.77, "Angle Correction": 0.0, "Angle Correction Direction": "CW", "Notes": "N/a"}, "8_2_2": {"elbow_joint": 2.1293180624591272, "shoulder_lift_joint": -0.9040675920299073, "shoulder_pan_joint": -1.677957836781637, "wrist_1_joint": -4.312812467614645, "wrist_2_joint": -1.538482968007223, "wrist_3_joint": 1.7518000602722168, "measured diameter": "0.75", "W1 Diameter": 0.7966369986534119, "W2 Diameter": 0.7767211198806763, "Mean Diameter": 0.7966369986534119, "Median Diameter": 0.7966369986534119, "Contact": "C", "Distance from Tree": "8.5", "Time (s)": 44.97, "Angle Correction": 0.0, "Angle Correction Direction": "CW", "Notes": "N/a"}, "8_2_3": {"elbow_joint": 2.123749558125631, "shoulder_lift_joint": -0.9027229112437745, "shoulder_pan_joint": -1.670856777821676, "wrist_1_joint": -4.308465858499044, "wrist_2_joint": -1.5445707480060022, "wrist_3_joint": 1.7249407768249512, "measured diameter": "0.75", "W1 Diameter": 0.7846187353134155, "W2 Diameter": 0.774559497833252, "Mean Diameter": 0.8164728879928589, "Median Diameter": 0.8097667694091797, "Contact": "L", "Distance from Tree": "8.5", "Time (s)": 44.57, "Angle Correction": 0.0, "Angle Correction Direction": "CW", "Notes": "N/a"}, "8_2_4": {"elbow_joint": 2.129509750996725, "shoulder_lift_joint": -0.9032392066768189, "shoulder_pan_joint": -1.675002400075094, "wrist_1_joint": -4.312165876428121, "wrist_2_joint": -1.5416887442218226, "wrist_3_joint": 1.8396916389465332, "measured diameter": "0.75", "W1 Diameter": 0.8304480314254761, "W2 Diameter": 0.8222257494926453, "Mean Diameter": 0.820581316947937, "Median Diameter": 0.8222257494926453, "Contact": "C", "Distance from Tree": "7.0", "Time (s)": 40.27, "Angle Correction": 0.0, "Angle Correction Direction": "CW", "Notes": "N/a"}, "8_2_5": {"elbow_joint": 2.130324188862936, "shoulder_lift_joint": -0.907524899845459, "shoulder_pan_joint": -1.6845772902118128, "wrist_1_joint": -4.311650892297262, "wrist_2_joint": -1.5314462820636194, "wrist_3_joint": 1.9235453605651855, "measured diameter": "0.75", "W1 Diameter": 0.8443792462348938, "W2 Diameter": 0.8029881119728088, "Mean Diameter": 0.8327897191047668, "Median Diameter": 0.8361009955406189, "Contact": "C", "Distance from Tree": "7.0", "Time (s)": 39.97, "Angle Correction": 0.0, "Angle Correction Direction": "CW", "Notes": "N/a"}, "8_2_6": {"elbow_joint": 2.1209829489337366, "shoulder_lift_joint": -0.8968646091273804, "shoulder_pan_joint": -1.679580036793844, "wrist_1_joint": -4.305915494958395, "wrist_2_joint": -1.5368135611163538, "wrist_3_joint": 1.7882537841796875, "measured diameter": "0.75", "W1 Diameter": 0.8302452564239502, "W2 Diameter": 0.8133014440536499, "Mean Diameter": 0.8450710773468018, "Median Diameter": 0.8471890091896057, "Contact": "C", "Distance from Tree": "7.0", "Time (s)": 40.87, "Angle Correction": 0.0, "Angle Correction Direction": "CW", "Notes": "N/a"}, "8_3_1": {"elbow_joint": 2.155461136494772, "shoulder_lift_joint": -0.9154221576503296, "shoulder_pan_joint": -1.6900809446917933, "wrist_1_joint": -4.3271454773344935, "wrist_2_joint": -1.5258505980121058, "wrist_3_joint": 1.9005508422851562, "measured diameter": "1.0", "W1 Diameter": 1.069526195526123, "W2 Diameter": 1.0197807550430298, "Mean Diameter": 1.065972924232483, "Median Diameter": 1.069526195526123, "Contact": "C", "Distance from Tree": "7.0", "Time (s)": 41.57, "Angle Correction": 0.0, "Angle Correction Direction": "CW", "Notes": "N/a"}, "8_3_2": {"elbow_joint": 2.15513784090151, "shoulder_lift_joint": -0.9124348920634766, "shoulder_pan_joint": -1.6973612944232386, "wrist_1_joint": -4.324870487252706, "wrist_2_joint": -1.5179007689105433, "wrist_3_joint": 1.9719243049621582, "measured diameter": "1.0", "W1 Diameter": 1.0618723630905151, "W2 Diameter": 1.0618723630905151, "Mean Diameter": 1.0905393362045288, "Median Diameter": 1.0869559049606323, "Contact": "R", "Distance from Tree": "7.0", "Time (s)": 40.37, "Angle Correction": 0.0, "Angle Correction Direction": "CW", "Notes": "N/a"}, "8_3_3": {"elbow_joint": 2.1495216528521937, "shoulder_lift_joint": -0.9115345042994996, "shoulder_pan_joint": -1.7003405729876917, "wrist_1_joint": -4.322224279443258,