{"2_1_1": {"elbow_joint": 1.9990623633014124, "shoulder_lift_joint": -0.8504131597331543, "shoulder_pan_joint": -1.6348288694964808, "wrist_1_joint": -4.242850442925924, "wrist_2_joint": -1.5899689833270472, "wrist_3_joint": 0.9490828514099121, "measured diameter": "0.5", "W1 Diameter": 0.5659802556037903, "W2 Diameter": 0.5659802556037903, "Mean Diameter": 0.6064074635505676, "Median Diameter": 0.6144928932189941, "Contact": "L", "Distance from Tree": "7.0", "Time (s)": 42.33, "Angle Correction": 0.0, "Angle Correction Direction": "CW", "Notes": "N/a"}, "2_1_2": {"elbow_joint": 2.009159866963522, "shoulder_lift_joint": -0.853491024380066, "shoulder_pan_joint": -1.6454013029681605, "wrist_1_joint": -4.2476283512511195, "wrist_2_joint": -1.5785992781268519, "wrist_3_joint": 1.1357073783874512, "measured diameter": "0.5", "W1 Diameter": 0.4715556204319, "W2 Diameter": 0.4715556204319, "Mean Diameter": 0.508520781993866, "Median Diameter": 0.5035254955291748, "Contact": "C", "Distance from Tree": "7.0", "Time (s)": 41.23, "Angle Correction": 0.0, "Angle Correction Direction": "CW", "Notes": "N/a"}, "2_1_3": {"elbow_joint": 2.0094717184649866, "shoulder_lift_joint": -0.853658990269043, "shoulder_pan_joint": -1.645569149647848, "wrist_1_joint": -4.2479523621001185, "wrist_2_joint": -1.5789230505572718, "wrist_3_joint": 1.1281437873840332, "measured diameter": "0.5", "W1 Diameter": 0.48089826107025146, "W2 Diameter": 0.48089826107025146, "Mean Diameter": 0.5209730863571167, "Median Diameter": 0.5169656276702881, "Contact": "C", "Distance from Tree": "7.0", "Time (s)": 40.33, "Angle Correction": 0.0, "Angle Correction Direction": "CW", "Notes": "N/a"}, "2_1_4": {"elbow_joint": 2.005317513142721, "shoulder_lift_joint": -0.8531788152507325, "shoulder_pan_joint": -1.6417649427997034, "wrist_1_joint": -4.245251318017477, "wrist_2_joint": -1.5812590757953089, "wrist_3_joint": 0.961338996887207, "measured diameter": "0.5", "W1 Diameter": 0.5700973272323608, "W2 Diameter": 0.5320908427238464, "Mean Diameter": 0.5643963813781738, "Median Diameter": 0.5700973272323608, "Contact": "C", "Distance from Tree": "8.5", "Time (s)": 45.83, "Angle Correction": 0.0, "Angle Correction Direction": "CW", "Notes": "N/a"}, "2_1_5": {"elbow_joint": 1.9970091024981897, "shoulder_lift_joint": -0.8489548724940796, "shoulder_pan_joint": -1.6310847441302698, "wrist_1_joint": -4.2417220077910365, "wrist_2_joint": -1.591323200856344, "wrist_3_joint": 0.8562755584716797, "measured diameter": "0.5", "W1 Diameter": 0.5737308859825134, "W2 Diameter": 0.5450443625450134, "Mean Diameter": 0.5764629244804382, "Median Diameter": 0.5737308859825134, "Contact": "L", "Distance from Tree": "8.5", "Time (s)": 45.13, "Angle Correction": 0.0, "Angle Correction Direction": "CW", "Notes": "N/a"}, "2_1_6": {"elbow_joint": 2.0107086340533655, "shoulder_lift_joint": -0.8543793720057984, "shoulder_pan_joint": -1.6468527952777308, "wrist_1_joint": -4.249693056146139, "wrist_2_joint": -1.576754395161764, "wrist_3_joint": 1.1323575973510742, "measured diameter": "0.5", "W1 Diameter": 0.5671619176864624, "W2 Diameter": 0.5293511152267456, "Mean Diameter": 0.5520376563072205, "Median Diameter": 0.548256516456604, "Contact": "C", "Distance from Tree": "8.5", "Time (s)": 43.93, "Angle Correction": 0.0, "Angle Correction Direction": "CW", "Notes": "N/a"}, "2_2_1": {"elbow_joint": 2.023735825215475, "shoulder_lift_joint": -0.8602737945369263, "shoulder_pan_joint": -1.6523974577533167, "wrist_1_joint": -4.25775994877004, "wrist_2_joint": -1.5720942656146448, "wrist_3_joint": 1.206040382385254, "measured diameter": "0.75", "W1 Diameter": 0.8537140488624573, "W2 Diameter": 0.8537140488624573, "Mean Diameter": 0.8168491125106812, "Median Diameter": 0.8052075505256653, "Contact": "C", "Distance from Tree": "8.5", "Time (s)": 44.73, "Angle Correction": 0.0, "Angle Correction Direction": "CW", "Notes": "N/a"}, "2_2_2": {"elbow_joint": 2.0224979559527796, "shoulder_lift_joint": -0.8590372365764161, "shoulder_pan_joint": -1.6591313521014612, "wrist_1_joint": -4.2570277653136195, "wrist_2_joint": -1.5643904844867151, "wrist_3_joint": 1.201103687286377, "measured diameter": "0.75", "W1 Diameter": 0.8016019463539124, "W2 Diameter": 0.8016019463539124, "Mean Diameter": 0.865841805934906, "Median Diameter": 0.8700313568115234, "Contact": "R", "Distance from Tree": "8.5", "Time (s)": 43.73, "Angle Correction": 0.0, "Angle Correction Direction": "CW", "Notes": "N/a"}, "2_2_3": {"elbow_joint": 2.022066895161764, "shoulder_lift_joint": -0.8584370178035279, "shoulder_pan_joint": -1.6588547865497034, "wrist_1_joint": -4.255887170831198, "wrist_2_joint": -1.5644381682025355, "wrist_3_joint": 1.0754590034484863, "measured diameter": "0.75", "W1 Diameter": 0.8721228837966919, "W2 Diameter": 0.8035289645195007, "Mean Diameter": 0.8415005803108215, "Median Diameter": 0.8378259539604187, "Contact": "R", "Distance from Tree": "8.5", "Time (s)": 44.13, "Angle Correction": 0.0, "Angle Correction Direction": "CW", "Notes": "N/a"}, "2_2_4": {"elbow_joint": 2.01758844057192, "shoulder_lift_joint": -0.8575965923121949, "shoulder_pan_joint": -1.6500332991229456, "wrist_1_joint": -4.252886196176046, "wrist_2_joint": -1.5742266813861292, "wrist_3_joint": 1.1381568908691406, "measured diameter": "0.75", "W1 Diameter": 0.8652752637863159, "W2 Diameter": 0.8180783987045288, "Mean Diameter": 0.8448233008384705, "Median Diameter": 0.8338106870651245, "Contact": "C", "Distance from Tree": "7.0", "Time (s)": 40.03, "Angle Correction": 0.0, "Angle Correction Direction": "CW", "Notes": "N/a"}, "2_2_5": {"elbow_joint": 2.0145862738238733, "shoulder_lift_joint": -0.8564562362483521, "shoulder_pan_joint": -1.648341480885641, "wrist_1_joint": -4.2511214218535365, "wrist_2_joint": -1.575939957295553, "wrist_3_joint": 1.108999252319336, "measured diameter": "0.75", "W1 Diameter": 0.869396448135376, "W2 Diameter": 0.8298784494400024, "Mean Diameter": 0.8599121570587158, "Median Diameter": 0.869396448135376, "Contact": "C", "Distance from Tree": "7.0", "Time (s)": 40.93, "Angle Correction": 0.0, "Angle Correction Direction": "CW", "Notes": "N/a"}, "2_2_6": {"elbow_joint": 2.01308519044985, "shoulder_lift_joint": -0.8560599845698853, "shoulder_pan_joint": -1.6465895811664026, "wrist_1_joint": -4.250737329522604, "wrist_2_joint": -1.5786355177508753, "wrist_3_joint": 1.0598034858703613, "measured diameter": "0.75", "W1 Diameter": 0.8384053707122803, "W2 Diameter": 0.8304958939552307, "Mean Diameter": 0.862133800983429, "Median Diameter": 0.8660885691642761, "Contact": "C", "Distance from Tree": "7.0", "Time (s)": 40.33, "Angle Correction": 0.0, "Angle Correction Direction": "CW", "Notes": "N/a"}, "2_3_1": {"elbow_joint": 2.0288618246661585, "shoulder_lift_joint": -0.860717849140503, "shoulder_pan_joint": -1.635080639516012, "wrist_1_joint": -4.258360048333639, "wrist_2_joint": -1.5884235540973108, "wrist_3_joint": 1.0721864700317383, "measured diameter": "1.0", "W1 Diameter": 1.0932285785675049, "W2 Diameter": 1.0932285785675049, "Mean Diameter": 1.11876380443573, "Median Diameter": 1.1091880798339844, "Contact": "C", "Distance from Tree": "7.0", "Time (s)": 40.93, "Angle Correction": 0.0, "Angle Correction Direction": "CW", "Notes": "N/a"}, "2_3_2": {"elbow_joint": 2.0229671637164515, "shoulder_lift_joint": -0.8579928439906617, "shoulder_pan_joint": -1.6338446776019495, "wrist_1_joint": -4.255599161187643, "wrist_2_joint": -1.589945141469137, "wrist_3_joint": 1.0616016387939453, "measured diameter": "1.0", "W1 Diameter": 1.0815616846084595, "W2 Diameter": 1.0815616846084595, "Mean Diameter": 1.1230714321136475, "Median Diameter": 1.1138471364974976, "Contact": "L", "Distance from Tree": "7.0", "Time (s)": 40.73, "Angle Correction": 0.0, "Angle Correction Direction": "CW", "Notes": "N/a"}, "2_3_3": {"elbow_joint": 2.0167110602008265, "shoulder_lift_joint": -0.8550395530513306, "shoulder_pan_joint": -1.633508030568258, "wrist_1_joint": -4.251361509362692,