{"1_1_1": {"elbow_joint": 2.137749497090475, "shoulder_lift_joint": -0.8978849214366456, "shoulder_pan_joint": -1.6945613066302698, "wrist_1_joint": -4.276339193383688, "wrist_2_joint": -1.5293806234942835, "wrist_3_joint": 1.6027336120605469, "measured diameter": "1.25", "W1 Diameter": 1.385096549987793, "W2 Diameter": 1.329052209854126, "Mean Diameter": 1.3640799522399902, "Median Diameter": 1.365080714225769, "Contact": "C", "Distance from Tree": "7.0", "Time (s)": 44.36, "Angle Correction": 0.0, "Angle Correction Direction": "CW", "Notes": "N/a"}, "1_1_2": {"elbow_joint": 2.1379526297198694, "shoulder_lift_joint": -0.8986413043788453, "shoulder_pan_joint": -1.6952946821795862, "wrist_1_joint": -4.2763031921782435, "wrist_2_joint": -1.5296691099749964, "wrist_3_joint": 1.5916266441345215, "measured diameter": "1.25", "W1 Diameter": 1.3340177536010742, "W2 Diameter": 1.3259814977645874, "Mean Diameter": 1.3643769025802612, "Median Diameter": 1.3661627769470215, "Contact": "C", "Distance from Tree": "7.0", "Time (s)": 40.46, "Angle Correction": 0.0, "Angle Correction Direction": "CW", "Notes": "N/a"}, "1_1_3": {"elbow_joint": 2.141581360493795, "shoulder_lift_joint": -0.8977049154094239, "shoulder_pan_joint": -1.7115147749530237, "wrist_1_joint": -4.280553957025045, "wrist_2_joint": -1.5135062376605433, "wrist_3_joint": 1.87422513961792, "measured diameter": "1.25", "W1 Diameter": 1.3549060821533203, "W2 Diameter": 1.3549060821533203, "Mean Diameter": 1.3549060821533203, "Median Diameter": 1.3549060821533203, "Contact": "R", "Distance from Tree": "7.0", "Time (s)": 41.76, "Angle Correction": 0.0, "Angle Correction Direction": "CW", "Notes": "N/a"}, "1_1_4": {"elbow_joint": 2.145186249409811, "shoulder_lift_joint": -0.8975368303111573, "shoulder_pan_joint": -1.7074654738055628, "wrist_1_joint": -4.281811376611227, "wrist_2_joint": -1.5171807448016565, "wrist_3_joint": 1.8786706924438477, "measured diameter": "1.25", "W1 Diameter": 1.2867108583450317, "W2 Diameter": 1.2867108583450317, "Mean Diameter": 1.313117265701294, "Median Diameter": 1.3107166290283203, "Contact": "R", "Distance from Tree": "8.5", "Time (s)": 43.46, "Angle Correction": 0.0, "Angle Correction Direction": "CW", "Notes": "N/a"}, "1_1_5": {"elbow_joint": 2.1414859930621546, "shoulder_lift_joint": -0.8969605726054688, "shoulder_pan_joint": -1.702538792287008, "wrist_1_joint": -4.278997322122091, "wrist_2_joint": -1.5218518416034144, "wrist_3_joint": 1.8470125198364258, "measured diameter": "1.25", "W1 Diameter": 1.3135263919830322, "W2 Diameter": 1.3135263919830322, "Mean Diameter": 1.3135263919830322, "Median Diameter": 1.3135263919830322, "Contact": "R", "Distance from Tree": "8.5", "Time (s)": 44.36, "Angle Correction": 0.0, "Angle Correction Direction": "CW", "Notes": "N/a"}, "1_1_6": {"elbow_joint": 2.1407068411456507, "shoulder_lift_joint": -0.8985812228969117, "shoulder_pan_joint": -1.7066243330584925, "wrist_1_joint": -4.279835601846212, "wrist_2_joint": -1.5176366011248987, "wrist_3_joint": 1.8408780097961426, "measured diameter": "1.25", "W1 Diameter": 1.295522928237915, "W2 Diameter": 1.2375144958496094, "Mean Diameter": 1.2665187120437622, "Median Diameter": 1.2665187120437622, "Contact": "R", "Distance from Tree": "8.5", "Time (s)": 45.16, "Angle Correction": 0.0, "Angle Correction Direction": "CW", "Notes": "N/a"}, "1_2_1": {"elbow_joint": 2.164551560078756, "shoulder_lift_joint": -0.9106821578792115, "shoulder_pan_joint": -1.6921466032611292, "wrist_1_joint": -4.289654394189352, "wrist_2_joint": -1.5331032911883753, "wrist_3_joint": 1.4893455505371094, "measured diameter": "1.00", "W1 Diameter": 1.1099802255630493, "W2 Diameter": 1.0807702541351318, "Mean Diameter": 1.1233681440353394, "Median Diameter": 1.1245852708816528, "Contact": "L", "Distance from Tree": "8.5", "Time (s)": 47.06, "Angle Correction": 0.0, "Angle Correction Direction": "CW", "Notes": "N/a"}, "1_2_2": {"elbow_joint": 2.159497086201803, "shoulder_lift_joint": -0.9094217580607911, "shoulder_pan_joint": -1.6927474180804651, "wrist_1_joint": -4.287103792230123, "wrist_2_joint": -1.533403221760885, "wrist_3_joint": 1.5407915115356445, "measured diameter": "1.00", "W1 Diameter": 1.0903438329696655, "W2 Diameter": 1.051052212715149, "Mean Diameter": 1.0833275318145752, "Median Diameter": 1.0805209875106812, "Contact": "L", "Distance from Tree": "8.5", "Time (s)": 53.26, "Angle Correction": 0.0, "Angle Correction Direction": "CW", "Notes": "N/a"}, "1_2_3": {"elbow_joint": 2.1648862997638147, "shoulder_lift_joint": -0.9105741542628785, "shoulder_pan_joint": -1.6967843214618128, "wrist_1_joint": -4.29178585628652, "wrist_2_joint": -1.5276754538165491, "wrist_3_joint": 1.6033310890197754, "measured diameter": "1.00", "W1 Diameter": 1.0614004135131836, "W2 Diameter": 1.0224499702453613, "Mean Diameter": 1.0458202362060547, "Median Diameter": 1.0419251918792725, "Contact": "L", "Distance from Tree": "8.5", "Time (s)": 45.76, "Angle Correction": 0.0, "Angle Correction Direction": "CW", "Notes": "N/a"}, "1_2_4": {"elbow_joint": 2.1700122992144983, "shoulder_lift_joint": -0.9085453313640137, "shoulder_pan_joint": -1.725647274647848, "wrist_1_joint": -4.296838899651998, "wrist_2_joint": -1.4987362066852015, "wrist_3_joint": 1.9942693710327148, "measured diameter": "1.00", "W1 Diameter": 1.0729426145553589, "W2 Diameter": 1.0479904413223267, "Mean Diameter": 1.080220341682434, "Median Diameter": 1.0771013498306274, "Contact": "R", "Distance from Tree": "7.0", "Time (s)": 43.2, "Angle Correction": 0.0, "Angle Correction Direction": "CW", "Notes": "N/a"}, "1_2_5": {"elbow_joint": 2.1629226843463343, "shoulder_lift_joint": -0.9058202070048829, "shoulder_pan_joint": -1.7144339720355433, "wrist_1_joint": -4.292252679864401, "wrist_2_joint": -1.511308495198385, "wrist_3_joint": 1.8782153129577637, "measured diameter": "1.00", "W1 Diameter": 1.0002458095550537, "W2 Diameter": 1.0002458095550537, "Mean Diameter": 1.0419228076934814, "Median Diameter": 1.0502581596374512, "Contact": "R", "Distance from Tree": "7.0", "Time (s)": 40.11, "Angle Correction": 0.0, "Angle Correction Direction": "CW", "Notes": "N/a"}, "1_2_6": {"elbow_joint": 2.1572330633746546, "shoulder_lift_joint": -0.9047758144191285, "shoulder_pan_joint": -1.7080538908587855, "wrist_1_joint": -4.288660665551657, "wrist_2_joint": -1.5163996855365198, "wrist_3_joint": 1.8171052932739258, "measured diameter": "1.00", "W1 Diameter": 1.0557371377944946, "W2 Diameter": 1.0135077238082886, "Mean Diameter": 1.0472912788391113, "Median Diameter": 1.059960126876831, "Contact": "", "Distance from Tree": "7.0", "Time (s)": 41.6, "Angle Correction": 0.0, "Angle Correction Direction": "CW", "Notes": "N/a"}, "1_3_1": {"elbow_joint": 2.148491684590475, "shoulder_lift_joint": -0.9011743825725098, "shoulder_pan_joint": -1.6873534361468714, "wrist_1_joint": -4.282781263391012, "wrist_2_joint": -1.5355647245990198, "wrist_3_joint": 1.7853550910949707, "measured diameter": "0.75", "W1 Diameter": 0.8077588081359863, "W2 Diameter": 0.7835260629653931, "Mean Diameter": 0.8208849430084229, "Median Diameter": 0.8117976188659668, "Contact": "R", "Distance from Tree": "7.0", "Time (s)": 44.43, "Angle Correction": 0.0, "Angle Correction Direction": "CW", "Notes": "N/a"}, "1_3_2": {"elbow_joint": 2.1497371832477015, "shoulder_lift_joint": -0.9026028674891968, "shoulder_pan_joint": -1.6919425169574183, "wrist_1_joint": -4.283810993234152, "wrist_2_joint": -1.5309417883502405, "wrist_3_joint": 1.7805747985839844, "measured diameter": "0.75", "W1 Diameter": 0.7865540385246277, "W2 Diameter": 0.7865540385246277, "Mean Diameter": 0.8270980715751648, "Median Diameter": 0.8352068662643433, "Contact": "R", "Distance from Tree": "7.0", "Time (s)": 42.9, "Angle Correction": 0.0, "Angle Correction Direction": "CW", "Notes": "Previous didn't hit branch "}, "1_3_3": {"elbow_joint": 2.1476648489581507, "shoulder_lift_joint": -0.9003699582866211, "shoulder_pan_joint": -1.690200153981344,