{"1_1_1": {"elbow_joint": 1.9640968481646937, "shoulder_lift_joint": -0.8148632806590577, "shoulder_pan_joint": -1.6051629225360315, "wrist_1_joint": -4.219802042047018, "wrist_2_joint": -1.588435475026266, "wrist_3_joint": 1.0701489448547363, "measured diameter": "0.5", "W1 Diameter": 0.5305699706077576, "W2 Diameter": 0.41076385974884033, "Mean Diameter": 0.6570320129394531, "Median Diameter": 0.5091760158538818, "Contact": "C", "Distance from Tree": "7.5", "Time (s)": 46.97, "Angle Correction": 0.0, "Angle Correction Direction": "CW", "Notes": "N/a"}, "1_1_2": {"elbow_joint": 1.9628246466266077, "shoulder_lift_joint": -0.8150784534266968, "shoulder_pan_joint": -1.5974591414081019, "wrist_1_joint": -4.220222135583395, "wrist_2_joint": -1.5945337454425257, "wrist_3_joint": 1.0172228813171387, "measured diameter": "0.5", "W1 Diameter": 0.5038164258003235, "W2 Diameter": 0.46965935826301575, "Mean Diameter": 2.0727553367614746, "Median Diameter": 2.2543649673461914, "Contact": "L", "Distance from Tree": "7.5", "Time (s)": 46.47, "Angle Correction": 0.0, "Angle Correction Direction": "CW", "Notes": "N/a"}, "1_1_3": {"elbow_joint": 1.9594267050372522, "shoulder_lift_joint": -0.8126041454127808, "shoulder_pan_joint": -1.596210781727926, "wrist_1_joint": -4.2186016045012416, "wrist_2_joint": -1.5965588728534144, "wrist_3_joint": 0.9532723426818848, "measured diameter": "0.5", "W1 Diameter": 0.4976541996002197, "W2 Diameter": 0.34320980310440063, "Mean Diameter": 0.6494585275650024, "Median Diameter": 0.5233949422836304, "Contact": "L", "Distance from Tree": "7.5", "Time (s)": 50.17, "Angle Correction": 0.0, "Angle Correction Direction": "CW", "Notes": "N/a"}, "1_1_4": {"elbow_joint": 1.9618280569659632, "shoulder_lift_joint": -0.814181999569275, "shoulder_pan_joint": -1.5968707243548792, "wrist_1_joint": -4.219057699243063, "wrist_2_joint": -1.5956481138812464, "wrist_3_joint": 0.9639601707458496, "measured diameter": "0.5", "W1 Diameter": 2.856736183166504, "W2 Diameter": 2.856736183166504, "Mean Diameter": 1.9690892696380615, "Median Diameter": 2.404334783554077, "Contact": "L", "Distance from Tree": "9", "Time (s)": 52.07, "Angle Correction": 0.0, "Angle Correction Direction": "CW", "Notes": "Really Bad video"}}