{"1_1_1": {"elbow_joint": 1.9676998297320765, "shoulder_lift_joint": -0.8157598537257691, "shoulder_pan_joint": -1.6079476515399378, "wrist_1_joint": -4.221758743325704, "wrist_2_joint": -1.583930794392721, "wrist_3_joint": 1.0286102294921875, "measured diameter": "0.5", "W1 Diameter": 2.241806983947754, "W2 Diameter": 0.4361886978149414, "Mean Diameter": 2.596144676208496, "Median Diameter": 3.027961015701294, "Contact": "L", "Distance from Tree": "9.0", "Time (s)": 56.05, "Angle Correction": 0.0, "Angle Correction Direction": "CW", "Notes": "N/a"}, "1_1_2": {"elbow_joint": 1.968792740498678, "shoulder_lift_joint": -0.8157000106624146, "shoulder_pan_joint": -1.6115716139422815, "wrist_1_joint": -4.222371002236837, "wrist_2_joint": -1.5808399359332483, "wrist_3_joint": 1.1001291275024414, "measured diameter": "0.5", "W1 Diameter": 0.5992470383644104, "W2 Diameter": 0.5383066534996033, "Mean Diameter": 1.82120680809021, "Median Diameter": 1.1781806945800781, "Contact": "R", "Distance from Tree": "9.0", "Time (s)": 53.15, "Angle Correction": 0.0, "Angle Correction Direction": "CW", "Notes": "N/a"}, "1_1_3": {"elbow_joint": 1.9660547415362757, "shoulder_lift_joint": -0.8157120508006592, "shoulder_pan_joint": -1.5988743940936487, "wrist_1_joint": -4.222034832040304, "wrist_2_joint": -1.5924494902240198, "wrist_3_joint": 0.9526739120483398, "measured diameter": "0.5", "W1 Diameter": 0.575924813747406, "W2 Diameter": 0.3940538465976715, "Mean Diameter": 1.5149601697921753, "Median Diameter": 1.9753211736679077, "Contact": "L", "Distance from Tree": "9.0", "Time (s)": 51.55, "Angle Correction": 0.0, "Angle Correction Direction": "CW", "Notes": "N/a"}, "1_1_4": {"elbow_joint": 1.9646614233600062, "shoulder_lift_joint": -0.8141580385020752, "shoulder_pan_joint": -1.604431454335348, "wrist_1_joint": -4.2204982242979945, "wrist_2_joint": -1.5883997122394007, "wrist_3_joint": 1.0782761573791504, "measured diameter": "0.5", "W1 Diameter": 0.5496582984924316, "W2 Diameter": 0.5324814915657043, "Mean Diameter": 0.5996272563934326, "Median Diameter": 0.584011971950531, "Contact": "C", "Distance from Tree": "7.5", "Time (s)": 44.65, "Angle Correction": 0.0, "Angle Correction Direction": "CW", "Notes": "N/a"}, "1_1_5": {"elbow_joint": 1.9654539267169397, "shoulder_lift_joint": -0.8139189046672364, "shoulder_pan_joint": -1.6118109861956995, "wrist_1_joint": -4.220126291314596, "wrist_2_joint": -1.5824092070208948, "wrist_3_joint": 1.1521806716918945, "measured diameter": "0.5", "W1 Diameter": 0.551978349685669, "W2 Diameter": 0.53472900390625, "Mean Diameter": 0.4484823942184448, "Median Diameter": 0.43123307824134827, "Contact": "R", "Distance from Tree": "7.5", "Time (s)": 43.15, "Angle Correction": 0.0, "Angle Correction Direction": "CW", "Notes": "N/a"}, "1_1_6": {"elbow_joint": 1.9674719015704554, "shoulder_lift_joint": -0.8150187295726319, "shoulder_pan_joint": -1.602823559437887, "wrist_1_joint": -4.221914907495016, "wrist_2_joint": -1.5902445952044886, "wrist_3_joint": 1.0326967239379883, "measured diameter": "0.5", "W1 Diameter": 0.5215007662773132, "W2 Diameter": 0.4445580542087555, "Mean Diameter": 0.5377442836761475, "Median Diameter": 0.5514229536056519, "Contact": "C", "Distance from Tree": "7.5", "Time (s)": 44.55, "Angle Correction": 0.0, "Angle Correction Direction": "CW", "Notes": "N/a"}, "1_2_1": {"elbow_joint": 2.0065906683551233, "shoulder_lift_joint": -0.8291477721980591, "shoulder_pan_joint": -1.602823559437887, "wrist_1_joint": -4.245023389855856, "wrist_2_joint": -1.5902326742755335, "wrist_3_joint": 1.0202817916870117, "measured diameter": "0.75", "W1 Diameter": 0.8983538150787354, "W2 Diameter": 0.7870533466339111, "Mean Diameter": 1.953323245048523, "Median Diameter": 2.190234422683716, "Contact": "C", "Distance from Tree": "7.5", "Time (s)": 44.65, "Angle Correction": 0.0, "Angle Correction Direction": "CW", "Notes": "N/a"}, "1_2_2": {"elbow_joint": 2.0045726935016077, "shoulder_lift_joint": -0.8289087575725098, "shoulder_pan_joint": -1.6042512098895472, "wrist_1_joint": -4.242790361443991, "wrist_2_joint": -1.588315788899557, "wrist_3_joint": 1.092660903930664, "measured diameter": "0.75", "W1 Diameter": 3.6114532947540283, "W2 Diameter": 3.6114532947540283, "Mean Diameter": 2.1141042709350586, "Median Diameter": 2.3170828819274902, "Contact": "C", "Distance from Tree": "7.5", "Time (s)": 47.95, "Angle Correction": 0.0, "Angle Correction Direction": "CW", "Notes": "Bad video"}, "1_2_3": {"elbow_joint": 2.001234833394186, "shoulder_lift_joint": -0.8271036905101319, "shoulder_pan_joint": -1.602295223866598, "wrist_1_joint": -4.241938253442282, "wrist_2_joint": -1.5903165976153772, "wrist_3_joint": 1.0254440307617188, "measured diameter": "0.75", "W1 Diameter": 0.8120536804199219, "W2 Diameter": 0.8120536804199219, "Mean Diameter": 0.8476600050926208, "Median Diameter": 0.8442142009735107, "Contact": "C", "Distance from Tree": "7.5", "Time (s)": 45.45, "Angle Correction": 0.0, "Angle Correction Direction": "CW", "Notes": ""}, "1_2_4": {"elbow_joint": 1.9941280523883265, "shoulder_lift_joint": -0.8250357669642945, "shoulder_pan_joint": -1.5978673140155237, "wrist_1_joint": -4.236788173715109, "wrist_2_joint": -1.594665829335348, "wrist_3_joint": 1.049426555633545, "measured diameter": "0.75", "W1 Diameter": 0.8198570013046265, "W2 Diameter": 0.8117396235466003, "Mean Diameter": 0.8442091941833496, "Median Diameter": 0.8442091941833496, "Contact": "L", "Distance from Tree": "7.5", "Time (s)": 43.75, "Angle Correction": 0.0, "Angle Correction Direction": "CW", "Notes": "N/a"}, "1_2_5": {"elbow_joint": 1.9949920813189905, "shoulder_lift_joint": -0.8274025481990357, "shoulder_pan_joint": -1.6053431669818323, "wrist_1_joint": -4.238997121850485, "wrist_2_joint": -1.5868900457965296, "wrist_3_joint": 1.0847368240356445, "measured diameter": "0.75", "W1 Diameter": 0.7989205121994019, "W2 Diameter": 0.686252236366272, "Mean Diameter": 0.6341082453727722, "Median Diameter": 0.629918098449707, "Contact": "C", "Distance from Tree": "9.0", "Time (s)": 53.75, "Angle Correction": 0.0, "Angle Correction Direction": "CW", "Notes": "N/a"}, "1_2_6": {"elbow_joint": 1.9945839087115687, "shoulder_lift_joint": -0.8289804023555298, "shoulder_pan_joint": -1.6081393400775355, "wrist_1_joint": -4.238060613671774, "wrist_2_joint": -1.5843504110919397, "wrist_3_joint": 1.1026582717895508, "measured diameter": "0.75", "W1 Diameter": 0.8000736236572266, "W2 Diameter": 0.7590442299842834, "Mean Diameter": 0.791867733001709, "Median Diameter": 0.7795589566230774, "Contact": "R", "Distance from Tree": "9.0", "Time (s)": 47.75, "Angle Correction": 0.0, "Angle Correction Direction": "CW", "Notes": "N/a"}, "1_2_7": {"elbow_joint": 1.985710922871725, "shoulder_lift_joint": -0.824916200046875, "shoulder_pan_joint": -1.597278896962301, "wrist_1_joint": -4.2350715599455775, "wrist_2_joint": -1.5949891249286097, "wrist_3_joint": 0.9717154502868652, "measured diameter": "0.75", "W1 Diameter": 2.2559196949005127, "W2 Diameter": 2.2559196949005127, "Mean Diameter": 2.6379153728485107, "Median Diameter": 2.61130428314209, "Contact": "C", "Distance from Tree": "9.0", "Time (s)": 53.15, "Angle Correction": 0.0, "Angle Correction Direction": "CW", "Notes": "Bad video"}, "1_2_8": {"elbow_joint": 1.9857948462115687, "shoulder_lift_joint": -0.8244859737208863, "shoulder_pan_joint": -1.6001227537738245, "wrist_1_joint": -4.23364319423818, "wrist_2_joint": -1.590975586568014, "wrist_3_joint": 1.024428367614746, "measured diameter": "0.75", "W1 Diameter": 0.8082578182220459, "W2 Diameter": 0.6320990920066833, "Mean Diameter": 0.6866737604141235, "Median Diameter": 0.7357218861579895, "Contact": "C", "Distance from Tree": "9.0", "Time (s)": 49.85, "Angle Correction": 0.0, "Angle Correction Direction": "CW", "Notes": ""}, "1_3_1": {"elbow_joint": 1.931220833455221, "shoulder_lift_joint": -0.80483432233844, "shoulder_pan_joint": -1.6099875609027308, "wrist_1_joint": -4.201941391030783,