{"1_1_1": {"elbow_joint": 1.7555916945086878, "shoulder_lift_joint": -1.4897305381349106, "shoulder_pan_joint": -1.3750293890582483, "wrist_1_joint": -3.480075021783346, "wrist_2_joint": -1.0689790884601038, "wrist_3_joint": 1.6730878353118896, "measured diameter": "0.79", "W1 Diameter": 0.7826473712921143, "W2 Diameter": 0.7486192584037781, "Mean Diameter": 0.8212562203407288, "Median Diameter": 0.8166755437850952, "Contact": "N/a", "Distance from Tree": "N/a", "Time (s)": 83.05, "Angle Correction": 0.0, "Angle Correction Direction": "CW", "Notes": "N/a"}, "1_1_2": {"elbow_joint": 1.7542608420001429, "shoulder_lift_joint": -1.4862619203380127, "shoulder_pan_joint": -1.3724101225482386, "wrist_1_joint": -3.480366369287008, "wrist_2_joint": -1.071955982838766, "wrist_3_joint": 1.5966968536376953, "measured diameter": "0.79", "W1 Diameter": 0.803472638130188, "W2 Diameter": 0.7521871328353882, "Mean Diameter": 0.8216361999511719, "Median Diameter": 0.807746410369873, "Contact": "N/a", "Distance from Tree": "N/a", "Time (s)": 41.75, "Angle Correction": 0.0, "Angle Correction Direction": "CW", "Notes": "N/a"}, "1_1_3": {"elbow_joint": 1.7554047743426722, "shoulder_lift_joint": -1.4880487632802506, "shoulder_pan_joint": -1.3791354338275355, "wrist_1_joint": -3.4806701145567835, "wrist_2_joint": -1.0653155485736292, "wrist_3_joint": 1.5714855194091797, "measured diameter": "0.79", "W1 Diameter": 0.8172523379325867, "W2 Diameter": 0.8002262711524963, "Mean Diameter": 0.829413890838623, "Median Diameter": 0.8215088844299316, "Contact": "N/a", "Distance from Tree": "N/a", "Time (s)": 41.05, "Angle Correction": 0.0, "Angle Correction Direction": "CW", "Notes": "N/a"}, "1_1_4": {"elbow_joint": 1.755704704915182, "shoulder_lift_joint": -1.4885717344335099, "shoulder_pan_joint": -1.3694832960711878, "wrist_1_joint": -3.480985303918356, "wrist_2_joint": -1.075564209614889, "wrist_3_joint": 1.6191447973251343, "measured diameter": "0.79", "W1 Diameter": 0.7653781175613403, "W2 Diameter": 0.755689799785614, "Mean Diameter": 0.8354321718215942, "Median Diameter": 0.8138197660446167, "Contact": "N/a", "Distance from Tree": "N/a", "Time (s)": 45.95, "Angle Correction": 0.0, "Angle Correction Direction": "CW", "Notes": "N/a"}}