{"1_1_1": {"elbow_joint": 1.9612873236285608, "shoulder_lift_joint": -0.8113489908031006, "shoulder_pan_joint": -1.598119084035055, "wrist_1_joint": -4.219369789163107, "wrist_2_joint": -1.594905201588766, "wrist_3_joint": 0.944798469543457, "measured diameter": "0.5", "W1 Diameter": 0.5232409238815308, "W2 Diameter": 0.33453109860420227, "Mean Diameter": 0.5575518012046814, "Median Diameter": 0.5232409238815308, "Contact": "L", "Distance from Tree": "7.5", "Time (s)": 48.58, "Angle Correction": 0.0, "Angle Correction Direction": "CW", "Notes": "N/a"}}