{"1_1_1": {"elbow_joint": 1.5479591528521937, "shoulder_lift_joint": -0.8322078746608277, "shoulder_pan_joint": -1.586360279713766, "wrist_1_joint": -3.835433622399801, "wrist_2_joint": -1.5600417296039026, "wrist_3_joint": 0.009913444519042969, "measured diameter": "0.679", "W1 Diameter": 0.7359290719032288, "W2 Diameter": 0.7076241374015808, "Mean Diameter": 0.7453640699386597, "Median Diameter": 0.7359290719032288, "Contact": "C", "Distance from Tree": "8.5", "Time (s)": 59.95, "Angle Correction": 0.0, "Angle Correction Direction": "CW", "Notes": "N/a"}, "1_1_2": {"elbow_joint": 1.5506961981402796, "shoulder_lift_joint": -0.8338933748057862, "shoulder_pan_joint": -1.5864680449115198, "wrist_1_joint": -3.83742155651235, "wrist_2_joint": -1.5595863501178187, "wrist_3_joint": -0.03890878358949834, "measured diameter": "0.679", "W1 Diameter": 0.7518702149391174, "W2 Diameter": 0.6766831874847412, "Mean Diameter": 0.7602242827415466, "Median Diameter": 0.7706669569015503, "Contact": "C", "Distance from Tree": "8.5", "Time (s)": 55.15, "Angle Correction": 0.0, "Angle Correction Direction": "CW", "Notes": "N/a"}, "1_1_3": {"elbow_joint": 1.5532196203814905, "shoulder_lift_joint": -0.832446889286377, "shoulder_pan_joint": -1.5862162748919886, "wrist_1_joint": -3.8407026729979457, "wrist_2_joint": -1.5600174109088343, "wrist_3_joint": -0.0133135954486292, "measured diameter": "0.679", "W1 Diameter": 0.7304056882858276, "W2 Diameter": 0.7116773128509521, "Mean Diameter": 0.763849139213562, "Median Diameter": 0.7678623795509338, "Contact": "L", "Distance from Tree": "8.5", "Time (s)": 60.4, "Angle Correction": 0.0, "Angle Correction Direction": "CW", "Notes": "N/a"}, "1_1_4": {"elbow_joint": 1.5517538229571741, "shoulder_lift_joint": -0.8398341697505494, "shoulder_pan_joint": -1.5857365767108362, "wrist_1_joint": -3.831888814965719, "wrist_2_joint": -1.5607007185565394, "wrist_3_joint": 0.05295872688293457, "measured diameter": "0.679", "W1 Diameter": 0.7468481063842773, "W2 Diameter": 0.7390684485435486, "Mean Diameter": 0.7594900727272034, "Median Diameter": 0.7624074816703796, "Contact": "C", "Distance from Tree": "7.0", "Time (s)": 50.6, "Angle Correction": 0.0, "Angle Correction Direction": "CW", "Notes": "N/a"}, "1_1_5": {"elbow_joint": 1.5501087347613733, "shoulder_lift_joint": -0.8307256263545533, "shoulder_pan_joint": -1.5855925718890589, "wrist_1_joint": -3.836475511590475, "wrist_2_joint": -1.5600655714618128, "wrist_3_joint": -0.025199715291158498, "measured diameter": "0.679", "W1 Diameter": 0.7529040575027466, "W2 Diameter": 0.7529040575027466, "Mean Diameter": 0.8407428860664368, "Median Diameter": 0.8038819432258606, "Contact": "L", "Distance from Tree": "7.0", "Time (s)": 50.7, "Angle Correction": 0.0, "Angle Correction Direction": "CW", "Notes": "N/a"}, "1_1_6": {"elbow_joint": 1.5509489218341272, "shoulder_lift_joint": -0.8357820075801392, "shoulder_pan_joint": -1.5857604185687464, "wrist_1_joint": -3.8326670132079066, "wrist_2_joint": -1.5605204741107386, "wrist_3_joint": 0.034925222396850586, "measured diameter": "0.679", "W1 Diameter": 0.7803899645805359, "W2 Diameter": 0.7413704991340637, "Mean Diameter": 0.7694644927978516, "Median Diameter": 0.7686841487884521, "Contact": "L", "Distance from Tree": "7.0", "Time (s)": 51.0, "Angle Correction": 0.0, "Angle Correction Direction": "CW", "Notes": "N/a"}}