Tree,Branch,Trial,elbow_joint,shoulder_lift_joint,shoulder_pan_joint,wrist_1_joint,wrist_2_joint,wrist_3_joint,measured diameter,W1 Diameter,W2 Diameter,Mean Diameter,Median Diameter,Contact,Distance from Tree,Time (s),Angle Correction,Angle Correction Direction,Notes
1,1,1,2.342339579259054,-1.2733038824847718,-0.8071482817279261,-4.077188392678732,-1.4897578398333948,-0.042902771626607716,0.55,0.5913944840431213,0.5913944840431213,0.6651923656463623,0.6520503163337708,c,7,53.4,0.0,CW,N/a
1,1,2,2.337907139454977,-1.2706967753222962,-0.8067238966571253,-4.0775233707823695,-1.489985767995016,-0.09357959428896123,0.55,0.5662190318107605,0.5662190318107605,0.6594730019569397,0.6389093399047852,C,7,36.2,0.0,CW,N/a
1,1,3,2.339684549962179,-1.2682893139174958,-0.8069122473346155,-4.0798474750914515,-1.4902847448932093,-0.06444436708559209,0.55,0.5952596068382263,0.5952596068382263,0.6699395775794983,0.6524960994720459,C,7,39.3,0.0,CW,N/a
