Tree,Branch,Trial,elbow_joint,shoulder_lift_joint,shoulder_pan_joint,wrist_1_joint,wrist_2_joint,wrist_3_joint,measured diameter,W1 Diameter,W2 Diameter,Mean Diameter,Median Diameter,Contact,Distance from Tree,Time (s),Angle Correction,Angle Correction Direction,Notes
1,1,1,1.4976337591754358,-0.8558439773372193,-2.1037963072406214,-3.7975007496275843,-1.1224482695208948,1.3730759620666504,0.78,1.3237584829330444,0.8121217489242554,1.4711662530899048,1.1532129049301147,N/a,N/a,44.55,0.0,CW,N/a
1,1,2,1.7284515539752405,-1.251949982052185,-2.1194985548602503,-3.6338120899596156,-1.1049492994891565,1.4161872863769531,0.75,0.3266499936580658,0.3266499936580658,0.494980126619339,0.4899750053882599,N/a,N/a,42.45,0.0,CW,N/a
1,1,3,1.737053696309225,-1.559692458515503,-2.1721556822406214,-3.333820959130758,-1.0530131498919886,1.544156551361084,0.65,0.710193395614624,0.6470650434494019,0.8093047738075256,0.7417575120925903,N/a,N/a,43.17,0.0,CW,N/a
1,1,4,1.3870285193072718,-1.547170714741089,-2.256834332142965,-3.001273294488424,-0.9703429380999964,1.8010849952697754,0.6,0.7119758129119873,0.6565998792648315,0.8829271793365479,0.8306384086608887,N/a,N/a,41.57,0.0,CW,N/a
1,2,1,1.5002401510821741,-0.8175290387919922,-1.8722155729876917,-3.835325857202047,-1.354605499898092,1.567488193511963,0.56,0.0,0.0,0.9210713505744934,0.7699223160743713,N/a,N/a,46.21,0.0,CW,N/a
1,2,2,1.6173198858844202,-1.1294495624354859,-1.9022067228900355,-3.641637464562887,-1.3219459692584437,1.5011892318725586,0.47,0.0,0.0,0.5591036677360535,0.5221623778343201,N/a,N/a,72.81,0.0,CW,N/a
1,2,4,1.8362835089312952,-1.7305437527098597,-2.3285179773913782,-3.188441892663473,-0.44374162355531865,1.5779976844787598,0.69,0.0,0.0,0.5591036677360535,0.5221623778343201,N/a,N/a,72.81,0.0,CW,N/a
