Tree,Branch,Trial,elbow_joint,shoulder_lift_joint,shoulder_pan_joint,wrist_1_joint,wrist_2_joint,wrist_3_joint,measured diameter,W1 Diameter,W2 Diameter,Mean Diameter,Median Diameter,Contact,Distance from Tree,Time (s),Angle Correction,Angle Correction Direction,Notes
1,1,1,1.9635332266436976,-0.8135245603374024,-1.6034711042987269,-4.21993412593984,-1.5904844442950647,1.0424718856811523,0.5,0.4962305724620819,0.45345208048820496,0.5949501991271973,0.5133419632911682,C,7.5,53.8,0.0,CW,N/a
1,1,2,1.9596431891070765,-0.8111217778972168,-1.5967744032489222,-4.21842159847402,-1.5969179312335413,0.9698128700256348,0.5,0.36887311935424805,0.36887311935424805,0.43420127034187317,0.42892223596572876,L,7.5,65.37,0.0,CW,N/a
1,1,3,1.9669550100909632,-0.8153773111156006,-1.603267017995016,-4.2211345634856166,-1.5904601255999964,1.0222773551940918,0.5,0.5533784031867981,0.4001351594924927,0.6410934329032898,0.6300000548362732,C,7.5,53.23,0.0,CW,N/a
