Tree,Branch,Trial,elbow_joint,shoulder_lift_joint,shoulder_pan_joint,wrist_1_joint,wrist_2_joint,wrist_3_joint,measured diameter,W1 Diameter,W2 Diameter,Mean Diameter,Median Diameter,Contact,Distance from Tree,Time (s),Angle Correction,Angle Correction Direction,Notes
1,1,1,1.9640968481646937,-0.8148632806590577,-1.6051629225360315,-4.219802042047018,-1.588435475026266,1.0701489448547363,0.5,0.5305699706077576,0.41076385974884033,0.6570320129394531,0.5091760158538818,C,7.5,46.97,0.0,CW,N/a
1,1,2,1.9628246466266077,-0.8150784534266968,-1.5974591414081019,-4.220222135583395,-1.5945337454425257,1.0172228813171387,0.5,0.5038164258003235,0.46965935826301575,2.0727553367614746,2.2543649673461914,L,7.5,46.47,0.0,CW,N/a
1,1,3,1.9594267050372522,-0.8126041454127808,-1.596210781727926,-4.2186016045012416,-1.5965588728534144,0.9532723426818848,0.5,0.4976541996002197,0.34320980310440063,0.6494585275650024,0.5233949422836304,L,7.5,50.17,0.0,CW,N/a
1,1,4,1.9618280569659632,-0.814181999569275,-1.5968707243548792,-4.219057699243063,-1.5956481138812464,0.9639601707458496,0.5,2.856736183166504,2.856736183166504,1.9690892696380615,2.404334783554077,L,9,52.07,0.0,CW,Really Bad video
