Tree,Branch,Trial,elbow_joint,shoulder_lift_joint,shoulder_pan_joint,wrist_1_joint,wrist_2_joint,wrist_3_joint,measured diameter,W1 Diameter,W2 Diameter,Mean Diameter,Median Diameter,Contact,Distance from Tree,Time (s),Angle Correction,Angle Correction Direction,Notes
1,1,1,-1.0043635368347168,-2.553333898583883,-0.15973359743227178,0.3843553501316528,0.7121148705482483,1.6002124547958374,0.75,0.800649106502533,0.7709954380989075,0.9315018653869629,0.8105337023735046,center,9.0,66.68,0.08726650000000001,CW,5 cw
