Tree,Branch,Trial,elbow_joint,shoulder_lift_joint,shoulder_pan_joint,wrist_1_joint,wrist_2_joint,wrist_3_joint,measured diameter,W1 Diameter,W2 Diameter,Mean Diameter,Median Diameter,Contact,Distance from Tree,Time (s),Angle Correction,Angle Correction Direction,Notes
1,1,1,1.7555916945086878,-1.4897305381349106,-1.3750293890582483,-3.480075021783346,-1.0689790884601038,1.6730878353118896,0.79,0.7826473712921143,0.7486192584037781,0.8212562203407288,0.8166755437850952,N/a,N/a,83.05,0.0,CW,N/a
1,1,2,1.7542608420001429,-1.4862619203380127,-1.3724101225482386,-3.480366369287008,-1.071955982838766,1.5966968536376953,0.79,0.803472638130188,0.7521871328353882,0.8216361999511719,0.807746410369873,N/a,N/a,41.75,0.0,CW,N/a
1,1,3,1.7554047743426722,-1.4880487632802506,-1.3791354338275355,-3.4806701145567835,-1.0653155485736292,1.5714855194091797,0.79,0.8172523379325867,0.8002262711524963,0.829413890838623,0.8215088844299316,N/a,N/a,41.05,0.0,CW,N/a
1,1,4,1.755704704915182,-1.4885717344335099,-1.3694832960711878,-3.480985303918356,-1.075564209614889,1.6191447973251343,0.79,0.7653781175613403,0.755689799785614,0.8354321718215942,0.8138197660446167,N/a,N/a,45.95,0.0,CW,N/a
